OBJECTID,StationNum,Website_URL,Org
1,463,https://www.alaska.va.gov/locations/directions.asp,VHA
2,463GA,https://www.alaska.va.gov/locations/Fairbanks.asp,VHA
3,463GE,https://www.alaska.va.gov/locations/Juneau.asp,VHA
4,463GB,https://www.alaska.va.gov/locations/Kenai.asp,VHA
5,463GC,https://www.alaska.va.gov/locations/MatSu.asp,VHA
6,528G3,https://www.albany.va.gov/locations/Bainbridge.asp,VHA
7,528G7,https://www.albany.va.gov/locations/Catskill.asp,VHA
8,528GY,https://www.albany.va.gov/locations/Clifton_Park.asp,VHA
9,528G6,https://www.albany.va.gov/locations/Fonda.asp,VHA
10,528GT,https://www.albany.va.gov/locations/Glen.asp,VHA
11,528GZ,https://www.albany.va.gov/locations/Kingston.asp,VHA
12,528GV,https://www.albany.va.gov/locations/Plattsburgh.asp,VHA
13,528A8,https://www.albany.va.gov/locations/Directions.asp,VHA
14,528QK,https://www.albany.va.gov/locations/Saranac_Lake.asp,VHA
15,528GW,https://www.albany.va.gov/locations/Schenectady.asp,VHA
16,528GX,https://www.albany.va.gov/locations/Troy.asp,VHA
17,528G2,https://www.albany.va.gov/locations/Westport.asp,VHA
18,501GI,https://www.albuquerque.va.gov/locations/AlamogordoClinic.asp,VHA
19,501GA,https://www.albuquerque.va.gov/locations/ArtesiaClinic.asp,VHA
20,501GJ,https://www.albuquerque.va.gov/locations/DurangoClinic.asp,VHA
21,501GE,https://www.albuquerque.va.gov/locations/EspanolaClinic.asp,VHA
22,501GB,https://www.albuquerque.va.gov/locations/FarmingtonClinic.asp,VHA
23,501GD,https://www.albuquerque.va.gov/locations/GallupClinic.asp,VHA
24,501G2,https://www.albuquerque.va.gov/locations/LasVegasClinic.asp,VHA
25,501GM,https://www.albuquerque.va.gov/locations/NorthwestMetroClinic.asp,VHA
26,501HB,https://www.albuquerque.va.gov/locations/RatonClinic.asp,VHA
27,501,https://www.albuquerque.va.gov/locations/directions.asp,VHA
28,501GK,https://www.albuquerque.va.gov/locations/SantaFeClinic.asp,VHA
29,501GC,https://www.albuquerque.va.gov/locations/SilverCityClinic.asp,VHA
30,501GN,https://www.albuquerque.va.gov/locations/TaosClinic.asp,VHA
31,501GH,https://www.albuquerque.va.gov/locations/TruthorConsequencesClinic.asp,VHA
32,502,https://www.alexandria.va.gov/locations/directions.asp,VHA
33,502GF,https://www.alexandria.va.gov/locations/fortpolk.asp,VHA
34,502GA,https://www.alexandria.va.gov/locations/jennings.asp,VHA
35,502QB,https://www.alexandria.va.gov/locations/Lafayette_CBOC_Campus_B.asp,VHA
36,502GB,https://www.alexandria.va.gov/locations/lafayette.asp,VHA
37,502GE,https://www.alexandria.va.gov/locations/Lake_Charles_CBOC.asp,VHA
38,502GG,https://www.alexandria.va.gov/locations/Natchitoches.asp,VHA
39,503GB,https://www.altoona.va.gov/locations/DuBois.asp,VHA
40,503GD,https://www.altoona.va.gov/locations/Huntingdon_VA_Community_Based_Outpatient_Clinic.asp,VHA
41,503GE,https://www.altoona.va.gov/locations/Indiana_VA_Outpatient_Clinic.asp,VHA
42,503,https://www.altoona.va.gov/locations/directions.asp,VHA
43,503GA,https://www.altoona.va.gov/locations/Johnstown.asp,VHA
44,503GC,https://www.altoona.va.gov/locations/StateCollege.asp,VHA
45,504GA,https://www.amarillo.va.gov/locations/Childress.asp,VHA
46,504BZ,https://www.amarillo.va.gov/locations/Clovis.asp,VHA
47,504HB,https://www.amarillo.va.gov/locations/Dalhart_VA_Community_Based_Outpatient_Clinic.asp,VHA
48,504BY,https://www.amarillo.va.gov/locations/Lubbock.asp,VHA
49,504,https://www.amarillo.va.gov/locations/directions.asp,VHA
50,506,https://www.annarbor.va.gov/locations/directions.asp,VHA
51,506GB,https://www.annarbor.va.gov/locations/flint.asp,VHA
52,506QB,https://www.annarbor.va.gov/locations/GreenRoad.asp,VHA
53,506GC,https://www.annarbor.va.gov/locations/jackson.asp,VHA
54,506QA,https://www.annarbor.va.gov/locations/PackardRoad.asp,VHA
55,506GA,https://www.annarbor.va.gov/locations/toledo.asp,VHA
56,637,https://www.asheville.va.gov/locations/directions.asp,VHA
57,637GA,https://www.asheville.va.gov/locations/franklin.asp,VHA
58,637GC,https://www.asheville.va.gov/locations/Hickory_Community_Based_Outpatient_Clinic.asp,VHA
59,637GB,https://www.asheville.va.gov/locations/rutherford.asp,VHA
60,508QF,https://www.atlanta.va.gov/locations/Atlanta_VA_Clinic.asp,VHA
61,508,https://www.atlanta.va.gov/locations/directions.asp,VHA
62,508GF,https://www.atlanta.va.gov/locations/Austell.asp,VHA
63,508GJ,https://www.atlanta.va.gov/locations/Blairsville.asp,VHA
64,508QB,https://www.atlanta.va.gov/locations/EastPointClinic.asp,VHA
65,508GA,https://www.atlanta.va.gov/locations/FtMcPhersonClinic.asp,VHA
66,508QD,https://www.atlanta.va.gov/locations/FultonCountyVAClinic.asp,VHA
67,508QE,https://www.atlanta.va.gov/locations/Gwinnett_County_Clinic.asp,VHA
68,508QC,https://www.atlanta.va.gov/locations/Henderson_Mill_VA_Clinic.asp,VHA
69,508GH,https://www.atlanta.va.gov/locations/Lawrenceville.asp,VHA
70,508GI,https://www.atlanta.va.gov/locations/Newnan.asp,VHA
71,508GO,https://www.atlanta.va.gov/locations/North_East_Cobb_Clinic.asp,VHA
72,508GE,https://www.atlanta.va.gov/locations/OakwoodClinic.asp,VHA
73,508GL,https://www.atlanta.va.gov/locations/Rome.asp,VHA
74,508GG,https://www.atlanta.va.gov/locations/Stockbridge.asp,VHA
75,508GK,https://www.atlanta.va.gov/locations/Trinka_Davis_Veterans_Village.asp,VHA
76,509GB,https://www.augusta.va.gov/locations/aiken.asp,VHA
77,509GA,https://www.augusta.va.gov/locations/athens.asp,VHA
78,509A0,https://www.augusta.va.gov/locations/directions-uptown.asp,VHA
79,509,https://www.augusta.va.gov/locations/directions.asp,VHA
80,509QA,https://www.augusta.va.gov/locations/Statesboro_GA_Telehealth_Clinic.asp,VHA
81,528A6,https://www.bath.va.gov/locations/Directions.asp,VHA
82,528QE,https://www.bath.va.gov/locations/Coudersport.asp,VHA
83,528G4,https://www.bath.va.gov/locations/Elmira.asp,VHA
84,528QF,https://www.bath.va.gov/locations/Wellsboro_VA_Clinic.asp,VHA
85,528G8,https://www.bath.va.gov/locations/Wellsville_VA_Clinic.asp,VHA
86,515,https://www.battlecreek.va.gov/locations/directions.asp,VHA
87,515GC,https://www.battlecreek.va.gov/locations/BentonHarbor.asp,VHA
88,515GB,https://www.battlecreek.va.gov/locations/Lansing.asp,VHA
89,515GA,https://www.battlecreek.va.gov/locations/Muskegon.asp,VHA
90,515BY,https://www.battlecreek.va.gov/locations/Wyoming.asp,VHA
91,516GD,https://www.baypines.va.gov/locations/Bradenton_Florida.asp,VHA
92,516,https://www.baypines.va.gov/locations/directions.asp,VHA
93,516BZ,https://www.baypines.va.gov/locations/Lee_County_VA_Healthcare_Center_Cape_Coral_FL.asp,VHA
94,516GF,https://www.baypines.va.gov/locations/Naples_Florida.asp,VHA
95,516GC,https://www.baypines.va.gov/locations/Palm_Harbor_Florida.asp,VHA
96,516GE,https://www.baypines.va.gov/locations/Port_Charlotte_Florida.asp,VHA
97,516GA,https://www.baypines.va.gov/locations/Sarasota_Florida.asp,VHA
98,516GH,https://www.baypines.va.gov/locations/Sebring_Florida.asp,VHA
99,516GB,https://www.baypines.va.gov/locations/St_Petersburg_Florida.asp,VHA
100,517,https://www.beckley.va.gov/locations/directions.asp,VHA
101,0231V,https://www.beckley.va.gov/locations/beckley_vet_center.asp,VHA
102,517GB,https://www.beckley.va.gov/locations/greenbrier.asp,VHA
103,517QA,https://www.beckley.va.gov/locations/Princeton.asp,VHA
104,0232V,https://www.beckley.va.gov/locations/princeton_vet_center.asp,VHA
105,518,https://www.bedford.va.gov/locations/directions.asp,VHA
106,518GE,https://www.bedford.va.gov/locations/Gloucester_Community_Based_Outpatient_Clinic.asp,VHA
107,518GB,https://www.bedford.va.gov/locations/Haverhill_Community_Based_Outpatient_Clinic.asp,VHA
108,518GA,https://www.bedford.va.gov/locations/Lynn_Community_Based_Outpatient_Clinic.asp,VHA
109,519HC,https://www.bigspring.va.gov/locations/Abilene_CBOC.asp,VHA
110,519GD,https://www.bigspring.va.gov/locations/Fort_Stockton.asp,VHA
111,519,https://www.bigspring.va.gov/locations/directions.asp,VHA
112,519GB,https://www.bigspring.va.gov/locations/HobbsClinic.asp,VHA
113,519GA,https://www.bigspring.va.gov/locations/PermianBasin_CBOC.asp,VHA
114,519HF,https://www.bigspring.va.gov/locations/SanAngeloClinic.asp,VHA
115,519HD,https://www.bigspring.va.gov/locations/Stamford.asp,VHA
116,520,https://www.biloxi.va.gov/locations/directions.asp,VHA
117,520GC,https://www.biloxi.va.gov/locations/EOPC.asp,VHA
118,520GA,https://www.biloxi.va.gov/locations/MOPC.asp,VHA
119,520GB,https://www.biloxi.va.gov/locations/PCOPC.asp,VHA
120,520BZ,https://www.biloxi.va.gov/locations/JACC.asp,VHA
121,521GG,https://www.birmingham.va.gov/locations/bessemer.asp,VHA
122,521,https://www.birmingham.va.gov/locations/directions.asp,VHA
123,521GH,https://www.birmingham.va.gov/locations/childersburg.asp,VHA
124,521GC,https://www.birmingham.va.gov/locations/ShoalsArea.asp,VHA
125,521GI,https://www.birmingham.va.gov/locations/guntersville.asp,VHA
126,521GA,https://www.birmingham.va.gov/locations/huntsville.asp,VHA
127,521GF,https://www.birmingham.va.gov/locations/jasper.asp,VHA
128,521GE,https://www.birmingham.va.gov/locations/Anniston-Oxford.asp,VHA
129,521GD,https://www.birmingham.va.gov/locations/gadsden.asp,VHA
130,568,https://www.blackhills.va.gov/locations/directions.asp,VHA
131,568HB,https://www.blackhills.va.gov/locations/gordon.asp,VHA
132,568A4,https://www.blackhills.va.gov/locations/HotSpringsCampus.asp,VHA
133,568HJ,https://www.blackhills.va.gov/locations/mission.asp,VHA
134,568HA,https://www.blackhills.va.gov/locations/newcastle.asp,VHA
135,568GB,https://www.blackhills.va.gov/locations/pierre.asp,VHA
136,568HF,https://www.blackhills.va.gov/locations/PineRidge.asp,VHA
137,568GA,https://www.blackhills.va.gov/locations/RapidCity.asp,VHA
138,568HH,https://www.blackhills.va.gov/locations/panhandlenebraska.asp,VHA
139,568HP,https://www.blackhills.va.gov/locations/winner.asp,VHA
140,531,https://www.boise.va.gov/locations/directions.asp,VHA
141,531GH,https://www.boise.va.gov/locations/Burns_Oregon_Outreach_Clinic.asp,VHA
142,531GG,https://www.boise.va.gov/locations/Caldwell_Idaho_Community_Based_Outpatient_Clinic.asp,VHA
143,531GI,https://www.boise.va.gov/locations/Mountain_Home_Idaho_Outpatient_Clinic.asp,VHA
144,531GJ,https://www.boise.va.gov/locations/Salmon_Idaho_Outreach_Clinic.asp,VHA
145,531GE,https://www.boise.va.gov/locations/Twin_Falls_Idaho_Community_Based_Outpatient_Clinic.asp,VHA
146,523A5,https://www.boston.va.gov/locations/Brockton_Campus.asp,VHA
147,523BZ,https://www.boston.va.gov/locations/Causeway_Street_Boston_CBOC.asp,VHA
148,523GA,https://www.boston.va.gov/locations/Framingham_CBOC.asp,VHA
149,523,https://www.boston.va.gov/locations/Jamaica_Plain_.asp,VHA
150,523BY,https://www.boston.va.gov/locations/Lowell_CBOC.asp,VHA
151,523GD,https://www.boston.va.gov/locations/Plymouth_CBOC.asp,VHA
152,523GC,https://www.boston.va.gov/locations/Quincy_CBOC.asp,VHA
153,523A4,https://www.boston.va.gov/locations/directions.asp,VHA
154,526,https://www.bronx.va.gov/locations/directions.asp,VHA
155,526GD,https://www.bronx.va.gov/locations/Queens.asp,VHA
156,526GA,https://www.bronx.va.gov/locations/White_Plains_Community_Clinic.asp,VHA
157,526GB,https://www.bronx.va.gov/locations/Yonkers_Community_Clinic.asp,VHA
158,528A4,https://www.buffalo.va.gov/locations/batavia.asp,VHA
159,528,https://www.buffalo.va.gov/locations/directions.asp,VHA
160,528GC,https://www.buffalo.va.gov/locations/Dunkirk.asp,VHA
161,528GB,https://www.buffalo.va.gov/locations/Jamestown.asp,VHA
162,528GQ,https://www.buffalo.va.gov/locations/Lackawanna.asp,VHA
163,528GK,https://www.buffalo.va.gov/locations/Lockport_Community_Based_Outpatient_Clinic.asp,VHA
164,528GD,https://www.buffalo.va.gov/locations/Niagara_Falls.asp,VHA
165,528GR,https://www.buffalo.va.gov/locations/Olean_Community_Based_Outpatient_Clinic.asp,VHA
166,528GQ01,https://www.buffalo.va.gov/locations/Springville_Community_Based_Outpatient_Clinic.asp,VHA
167,529,https://www.butler.va.gov/locations/directions.asp,VHA
168,529GC,https://www.butler.va.gov/locations/Armstrong_County_VA_Outpatient_Clinic.asp,VHA
169,529A4,https://www.butler.va.gov/locations/ButlerVAMC.asp,VHA
170,529GD,https://www.butler.va.gov/locations/Clarion_County_VA_Outpatient_Clinic.asp,VHA
171,529GF,https://www.butler.va.gov/locations/Cranberry_Township_VA_Outpatient_Clinic.asp,VHA
172,529GB,https://www.butler.va.gov/locations/Lawrence_County_VA_Outpatient_Clinic.asp,VHA
173,529GA,https://www.butler.va.gov/locations/Michael_A_Marzano_VA_Outpatient_Clinic_Mercer_County.asp,VHA
174,528A5,https://www.canandaigua.va.gov/locations/directions.asp,VHA
175,0,https://www.canandaigua.va.gov/locations/Rochester_Calkins_VA_Clinic.asp,VHA
176,528GE,https://www.canandaigua.va.gov/locations/Rochester_Westfall_VA_Clinic.asp,VHA
177,672GC,https://www.caribbean.va.gov/locations/Arecibo.asp,VHA
178,672QA,https://www.caribbean.va.gov/locations/Comerio.asp,VHA
179,672B0,https://www.caribbean.va.gov/locations/VA_Eur_pides_Rubio_Clinic_Ponce.asp,VHA
180,672GE,https://www.caribbean.va.gov/locations/Guayama.asp,VHA
181,672BZ,https://www.caribbean.va.gov/locations/Mayaguez.asp,VHA
182,672GA,https://www.caribbean.va.gov/locations/St_Croix.asp,VHA
183,672GB,https://www.caribbean.va.gov/locations/St_Thomas.asp,VHA
184,672,https://www.caribbean.va.gov/locations/directions.asp,VHA
185,672QB,https://www.caribbean.va.gov/locations/Utuado.asp,VHA
186,672QC,https://www.caribbean.va.gov/locations/Vieques.asp,VHA
187,619,https://www.centralalabama.va.gov/locations/directions.asp,VHA
188,619A4,https://www.centralalabama.va.gov/locations/tuskegee.asp,VHA
189,619GA,https://www.centralalabama.va.gov/locations/columbus.asp,VHA
190,619GB,https://www.centralalabama.va.gov/locations/dothan.asp,VHA
191,619QA,https://www.centralalabama.va.gov/locations/DothanMHC.asp,VHA
192,619GE,https://www.centralalabama.va.gov/locations/Monroeville.asp,VHA
193,619GD,https://www.centralalabama.va.gov/locations/wiregrass.asp,VHA
194,636GM,https://www.centraliowa.va.gov/locations/CBOC_Carroll_IA.asp,VHA
195,636A6,https://www.centraliowa.va.gov/locations/directions.asp,VHA
196,636GK,https://www.centraliowa.va.gov/locations/CBOC_FortDodge_IA.asp,VHA
197,636GR,https://www.centraliowa.va.gov/locations/CBOC_Knoxville_IA.asp,VHA
198,636GD,https://www.centraliowa.va.gov/locations/CBOC_Marshalltown_IA.asp,VHA
199,636GC,https://www.centraliowa.va.gov/locations/CBOC_MasonCity_IA.asp,VHA
200,674BY,https://www.centraltexas.va.gov/locations/Austin.asp,VHA
201,674GB,https://www.centraltexas.va.gov/locations/Brownwood.asp,VHA
202,674GC,https://www.centraltexas.va.gov/locations/Bryan-CollegeStation.asp,VHA
203,674GD,https://www.centraltexas.va.gov/locations/CedarPark.asp,VHA
204,674A4,https://www.centraltexas.va.gov/locations/Waco.asp,VHA
205,674HB,https://www.centraltexas.va.gov/locations/LaGrange.asp,VHA
206,674,https://www.centraltexas.va.gov/locations/directions.asp,VHA
207,674GA,https://www.centraltexas.va.gov/locations/Palestine.asp,VHA
208,674GF,https://www.centraltexas.va.gov/locations/TemplePACT.asp,VHA
209,631,https://www.centralwesternmass.va.gov/locations/directions.asp,VHA
210,631GF,https://www.centralwesternmass.va.gov/locations/fitchburg.asp,VHA
211,631GD,https://www.centralwesternmass.va.gov/locations/greenfield.asp,VHA
212,631GC,https://www.centralwesternmass.va.gov/locations/pittsfield.asp,VHA
213,631BY,https://www.centralwesternmass.va.gov/locations/springfield.asp,VHA
214,631GE,https://www.centralwesternmass.va.gov/locations/worcester.asp,VHA
215,534GC,https://www.charleston.va.gov/locations/Beaufort_SC_Clinic.asp,VHA
216,534GD,https://www.charleston.va.gov/locations/Goose_Creek_Clinic.asp,VHA
217,534GE,https://www.charleston.va.gov/locations/Hinesville_Clinic.asp,VHA
218,534QA,https://www.charleston.va.gov/locations/MBspecialty.asp,VHA
219,534GB,https://www.charleston.va.gov/locations/Myrtle_Beach.asp,VHA
220,534,https://www.charleston.va.gov/locations/directions.asp,VHA
221,534BY,https://www.charleston.va.gov/locations/Savannah_Clinic.asp,VHA
222,534GF,https://www.charleston.va.gov/locations/Trident.asp,VHA
223,534QB,https://www.charleston.va.gov/locations/TridentSpecialty.asp,VHA
224,442,https://www.cheyenne.va.gov/locations/directions.asp,VHA
225,442GC,https://www.cheyenne.va.gov/locations/Fort_Collins_VA_CBOC.asp,VHA
226,442QD,https://www.cheyenne.va.gov/locations/Laramie.asp,VHA
227,442GD,https://www.cheyenne.va.gov/locations/Loveland.asp,VHA
228,442QA,https://www.cheyenne.va.gov/locations/Rawlins_VA_PCTOC.asp,VHA
229,442GB,https://www.cheyenne.va.gov/locations/Sidney_VA_MSOC.asp,VHA
230,442QE,https://www.cheyenne.va.gov/locations/Sterling_VA_Mobile_Telehealth_Clinic.asp,VHA
231,442QB,https://www.cheyenne.va.gov/locations/Torrington_VA_Mobile_Clinic.asp,VHA
232,442HK,https://www.cheyenne.va.gov/locations/Wheatland_VA_Mobile_Clinic.asp,VHA
233,537BY,https://www.chicago.va.gov/locations/Adam_Benjamin_Jr.asp,VHA
234,537HA,https://www.chicago.va.gov/locations/Auburn_Gresham.asp,VHA
235,537GA,https://www.chicago.va.gov/locations/Chicago_Heights.asp,VHA
236,537,https://www.chicago.va.gov/locations/Directions.asp,VHA
237,537GD,https://www.chicago.va.gov/locations/Lakeside.asp,VHA
238,538GA,https://www.chillicothe.va.gov/locations/Athens.asp,VHA
239,538GE,https://www.chillicothe.va.gov/locations/Cambridge.asp,VHA
240,538,https://www.chillicothe.va.gov/locations/directions.asp,VHA
241,538GD,https://www.chillicothe.va.gov/locations/Lancaster.asp,VHA
242,538GC,https://www.chillicothe.va.gov/locations/Marietta.asp,VHA
243,538GB,https://www.chillicothe.va.gov/locations/Portsmouth.asp,VHA
244,538GF,https://www.chillicothe.va.gov/locations/Wilmington.asp,VHA
245,539GA,https://www.cincinnati.va.gov/locations/Bellevue.asp,VHA
246,539,https://www.cincinnati.va.gov/locations/directions.asp,VHA
247,539,https://www.cincinnati.va.gov/locations/Cincinnati_VA_Medical_Center.asp,VHA
248,539GB,https://www.cincinnati.va.gov/locations/Clermont.asp,VHA
249,539GC,https://www.cincinnati.va.gov/locations/lawrenceburg.asp,VHA
250,539GD,https://www.cincinnati.va.gov/locations/Florence.asp,VHA
251,539GF,https://www.cincinnati.va.gov/locations/georgetown.asp,VHA
252,539GE,https://www.cincinnati.va.gov/locations/Hamilton.asp,VHA
253,539QD,https://www.cincinnati.va.gov/locations/Norwood_VA_Clinic.asp,VHA
254,540GC,https://www.clarksburg.va.gov/locations/Braxton_County_CBOC.asp,VHA
255,540,https://www.clarksburg.va.gov/locations/directions.asp,VHA
256,540GD,https://www.clarksburg.va.gov/locations/Monongalia_County_CBOC.asp,VHA
257,540HK,https://www.clarksburg.va.gov/locations/Rural_Mobile_Clinic.asp,VHA
258,540GA,https://www.clarksburg.va.gov/locations/Tucker_County_CBOC.asp,VHA
259,540GB,https://www.clarksburg.va.gov/locations/Wood_County_CBOC.asp,VHA
260,541GG,https://www.cleveland.va.gov/locations/Akron.asp,VHA
261,541BY,https://www.cleveland.va.gov/locations/Canton.asp,VHA
262,0,https://www.cleveland.va.gov/locations/ClevelandCRRC.asp,VHA
263,541GD,https://www.cleveland.va.gov/locations/Mansfield.asp,VHA
264,541GH,https://www.cleveland.va.gov/locations/East_Liverpool_Calcutta.asp,VHA
265,541GF,https://www.cleveland.va.gov/locations/LakeCounty.asp,VHA
266,541GB,https://www.cleveland.va.gov/locations/Lorain.asp,VHA
267,541,https://www.cleveland.va.gov/locations/directions.asp,VHA
268,541GE,https://www.cleveland.va.gov/locations/Mccafferty.asp,VHA
269,541GJ,https://www.cleveland.va.gov/locations/New_Philadelphia.asp,VHA
270,541GL,https://www.cleveland.va.gov/locations/Parma.asp,VHA
271,541GK,https://www.cleveland.va.gov/locations/Ravenna.asp,VHA
272,541GC,https://www.cleveland.va.gov/locations/Sandusky.asp,VHA
273,541GI,https://www.cleveland.va.gov/locations/Warren.asp,VHA
274,541BZ,https://www.cleveland.va.gov/locations/Youngstown.asp,VHA
275,542,https://www.coatesville.va.gov/locations/directions.asp,VHA
276,542GA,https://www.coatesville.va.gov/locations/Delaware_County_VA_Clinic.asp,VHA
277,542GE,https://www.coatesville.va.gov/locations/SpringCity.asp,VHA
278,589GF,https://www.columbiamo.va.gov/locations/Fort_Leonard_Wood.asp,VHA
279,589A4,https://www.columbiamo.va.gov/locations/directions.asp,VHA
280,589G8,https://www.columbiamo.va.gov/locations/Jefferson_City.asp,VHA
281,589GE,https://www.columbiamo.va.gov/locations/Kirksville.asp,VHA
282,589GH,https://www.columbiamo.va.gov/locations/Lake_of_the_Ozarks.asp,VHA
283,589JD,https://www.columbiamo.va.gov/locations/Marshfield_VA_Clinic.asp,VHA
284,589GX,https://www.columbiamo.va.gov/locations/Mexico.asp,VHA
285,589JA,https://www.columbiamo.va.gov/locations/Sedalia.asp,VHA
286,589GY,https://www.columbiamo.va.gov/locations/Saint_James.asp,VHA
287,544GD,https://www.columbiasc.va.gov/locations/anderson.asp,VHA
288,544GB,https://www.columbiasc.va.gov/locations/florence.asp,VHA
289,544BZ,https://www.columbiasc.va.gov/locations/greenville.asp,VHA
290,544GE,https://www.columbiasc.va.gov/locations/orangeburg.asp,VHA
291,544GC,https://www.columbiasc.va.gov/locations/RockHill.asp,VHA
292,544GG,https://www.columbiasc.va.gov/locations/spartanburg.asp,VHA
293,544GF,https://www.columbiasc.va.gov/locations/sumter.asp,VHA
294,544,https://www.columbiasc.va.gov/locations/directions.asp,VHA
295,757,https://www.columbus.va.gov/locations/directions.asp,VHA
296,757GD,https://www.columbus.va.gov/locations/Newark.asp,VHA
297,757GB,https://www.columbus.va.gov/locations/Grove_City.asp,VHA
298,757GC,https://www.columbus.va.gov/locations/Marion.asp,VHA
299,757GA,https://www.columbus.va.gov/locations/Zanesville.asp,VHA
300,689GE,https://www.connecticut.va.gov/locations/Danbury_Community_Based_Outpatient_Clinic.asp,VHA
301,689HC,https://www.connecticut.va.gov/locations/John_J_McGuirk_Outpatient_Clinic_New_London.asp,VHA
302,689A4,https://www.connecticut.va.gov/locations/Newington_Campus.asp,VHA
303,689GB,https://www.connecticut.va.gov/locations/Stamford_Outpatient_Clinic.asp,VHA
304,689GA,https://www.connecticut.va.gov/locations/Waterbury_Outpatient_Clinic.asp,VHA
305,689,https://www.connecticut.va.gov/locations/directions.asp,VHA
306,689GC,https://www.connecticut.va.gov/locations/Willimantic_Outpatient_Clinic.asp,VHA
307,689GD,https://www.connecticut.va.gov/locations/Winsted_Outpatient_Clinic.asp,VHA
308,550GG,https://www.danville.va.gov/locations/Bloomington_VA_Clinic.asp,VHA
309,550BY,https://www.danville.va.gov/locations/Peoria_Illinois.asp,VHA
310,550,https://www.danville.va.gov/locations/directions.asp,VHA
311,550GA,https://www.danville.va.gov/locations/Decatur_Illinois.asp,VHA
312,550GF,https://www.danville.va.gov/locations/Mattoon_Community_Based_Outpatient_Clinic.asp,VHA
313,550GD,https://www.danville.va.gov/locations/Springfield_Illinois.asp,VHA
314,552,https://www.dayton.va.gov/locations/directions.asp,VHA
315,552GB,https://www.dayton.va.gov/locations/Lima_cboc.asp,VHA
316,552GA,https://www.dayton.va.gov/locations/midtwn_cboc.asp,VHA
317,552GC,https://www.dayton.va.gov/locations/rchmnd_cboc.asp,VHA
318,552GD,https://www.dayton.va.gov/locations/spgfld_cboc.asp,VHA
319,554GF,https://www.denver.va.gov/locations/Alamosa.asp,VHA
320,554GB,https://www.denver.va.gov/locations/Aurora.asp,VHA
321,554GI,https://www.denver.va.gov/locations/Burlington.asp,VHA
322,554GJ,https://www.denver.va.gov/locations/Denver_VA_Clinic.asp,VHA
323,554GC,https://www.denver.va.gov/locations/Lakewood.asp,VHA
324,554QB,https://www.denver.va.gov/locations/Jewell.asp,VHA
325,554GG,https://www.denver.va.gov/locations/LaJunta.asp,VHA
326,554GH,https://www.denver.va.gov/locations/Lamar.asp,VHA
327,554GE,https://www.denver.va.gov/locations/ColoradoSprings.asp,VHA
328,554GD,https://www.denver.va.gov/locations/Pueblo.asp,VHA
329,554,https://www.denver.va.gov/locations/directions.asp,VHA
330,554QC,https://www.denver.va.gov/locations/Salida.asp,VHA
331,553,https://www.detroit.va.gov/locations/directions.asp,VHA
332,553GB,https://www.detroit.va.gov/locations/Directions_Pontiac_CBOC.asp,VHA
333,553GA,https://www.detroit.va.gov/locations/directions_Yale_CBOC.asp,VHA
334,557GB,https://www.dublin.va.gov/locations/albany.asp,VHA
335,557GE,https://www.dublin.va.gov/locations/brunswick.asp,VHA
336,557,https://www.dublin.va.gov/locations/directions.asp,VHA
337,557GA,https://www.dublin.va.gov/locations/macon.asp,VHA
338,557GC,https://www.dublin.va.gov/locations/milledgeville.asp,VHA
339,557HA,https://www.dublin.va.gov/locations/perry.asp,VHA
340,557GF,https://www.dublin.va.gov/locations/Tifton_CBOC.asp,VHA
341,0,https://www.durham.va.gov/locations/BlindRehab.asp,VHA
342,558QA,https://www.durham.va.gov/locations/BrierCreek.asp,VHA
343,558GD,https://www.durham.va.gov/locations/HillandaleRoadII.asp,VHA
344,558,https://www.durham.va.gov/locations/directions.asp,VHA
345,558GA,https://www.durham.va.gov/locations/Greenville.asp,VHA
346,558GE,https://www.durham.va.gov/locations/HillandaleRoad.asp,VHA
347,558GC,https://www.durham.va.gov/locations/MoreheadCity.asp,VHA
348,558GG,https://www.durham.va.gov/locations/Raleigh_III.asp,VHA
349,558GB,https://www.durham.va.gov/locations/Raleigh.asp,VHA
350,558GF,https://www.durham.va.gov/locations/RaleighII.asp,VHA
351,756GB,https://www.elpaso.va.gov/locations/Eastside.asp,VHA
352,756,https://www.elpaso.va.gov/locations/directions.asp,VHA
353,756GA,https://www.elpaso.va.gov/locations/LasCruces.asp,VHA
354,562GB,https://www.erie.va.gov/locations/ashtabula.asp,VHA
355,562GA,https://www.erie.va.gov/locations/crawford.asp,VHA
356,562,https://www.erie.va.gov/locations/directions.asp,VHA
357,562GC,https://www.erie.va.gov/locations/mckean.asp,VHA
358,562GD,https://www.erie.va.gov/locations/venango.asp,VHA
359,562GE,https://www.erie.va.gov/locations/warren.asp,VHA
360,437GE,https://www.fargo.va.gov/locations/bemidji.asp,VHA
361,437GB,https://www.fargo.va.gov/locations/bismarck.asp,VHA
362,437GL,https://www.fargo.va.gov/locations/DevilsLake.asp,VHA
363,437GJ,https://www.fargo.va.gov/locations/dickinson.asp,VHA
364,437,https://www.fargo.va.gov/locations/directions.asp,VHA
365,437GC,https://www.fargo.va.gov/locations/FergusFalls.asp,VHA
366,437GA,https://www.fargo.va.gov/locations/grafton.asp,VHA
367,437GI,https://www.fargo.va.gov/locations/GrandForks.asp,VHA
368,437GK,https://www.fargo.va.gov/locations/jamestown.asp,VHA
369,437GD,https://www.fargo.va.gov/locations/minot.asp,VHA
370,437GF,https://www.fargo.va.gov/locations/williston.asp,VHA
371,564GC,https://www.fayettevillear.va.gov/locations/branson.asp,VHA
372,564,https://www.fayettevillear.va.gov/locations/directions.asp,VHA
373,564GB,https://www.fayettevillear.va.gov/locations/fortsmith.asp,VHA
374,564BY,https://www.fayettevillear.va.gov/locations/springfield.asp,VHA
375,564GA,https://www.fayettevillear.va.gov/locations/harrison.asp,VHA
376,564GE,https://www.fayettevillear.va.gov/locations/jay.asp,VHA
377,564GF,https://www.fayettevillear.va.gov/locations/Joplin_Outpatient_Clinic.asp,VHA
378,564GD,https://www.fayettevillear.va.gov/locations/ozark.asp,VHA
379,565GH,https://www.fayettevillenc.va.gov/locations/brunswick.asp,VHA
380,565GL,https://www.fayettevillenc.va.gov/locations/Fayetteville_Health_Care_Center.asp,VHA
381,565,https://www.fayettevillenc.va.gov/locations/directions.asp,VHA
382,0315V,https://www.fayettevillenc.va.gov/locations/FayettevilleVetCenter.asp,VHA
383,565GF,https://www.fayettevillenc.va.gov/locations/Goldsboro_Community_Based_Outpatient_Clinic.asp,VHA
384,565GD,https://www.fayettevillenc.va.gov/locations/hamlet.asp,VHA
385,565GA,https://www.fayettevillenc.va.gov/locations/jacksonville.asp,VHA
386,0343V,https://www.fayettevillenc.va.gov/locations/JacksonvilleVetCenter.asp,VHA
387,565GG,https://www.fayettevillenc.va.gov/locations/Sanford_CBOC.asp,VHA
388,565QD,https://www.fayettevillenc.va.gov/locations/Fayetteville_Rehabilitation_Clinic.asp,VHA
389,565GE,https://www.fayettevillenc.va.gov/locations/robeson.asp,VHA
390,565QA,https://www.fayettevillenc.va.gov/locations/Fayetteville_Dialysis_Clinic.asp,VHA
391,565GC,https://www.fayettevillenc.va.gov/locations/WilmingtonHCC.asp,VHA
392,570,https://www.fresno.va.gov/locations/directions.asp,VHA
393,570,https://www.fresno.va.gov/locations/fresno.asp,VHA
394,570GA,https://www.fresno.va.gov/locations/merced.asp,VHA
395,570GC,https://www.fresno.va.gov/locations/oakhurst.asp,VHA
396,570GB,https://www.fresno.va.gov/locations/tulare.asp,VHA
397,575QA,https://www.grandjunction.va.gov/locations/GlenwoodSprings.asp,VHA
398,575,https://www.grandjunction.va.gov/locations/directions.asp,VHA
399,575GB,https://www.grandjunction.va.gov/locations/Craig_Veterans_Community_Clinic.asp,VHA
400,575QB,https://www.grandjunction.va.gov/locations/Moab_Veterans_Community_Clinic.asp,VHA
401,575GA,https://www.grandjunction.va.gov/locations/Montrose_Colorado.asp,VHA
402,590GC,https://www.hampton.va.gov/locations/albemarle.asp,VHA
403,590GD,https://www.hampton.va.gov/locations/chesapeake.asp,VHA
404,0207V,https://www.hampton.va.gov/locations/norfolk.asp,VHA
405,590,https://www.hampton.va.gov/locations/directions.asp,VHA
406,590GB,https://www.hampton.va.gov/locations/VirginiaBeach.asp,VHA
407,459GF,https://www.hawaii.va.gov/locations/Pago_Pago_American_Samoa.asp,VHA
408,459GE,https://www.hawaii.va.gov/locations/Agana_Heights_Guam.asp,VHA
409,459GB,https://www.hawaii.va.gov/locations/Hilo_Hawaii.asp,VHA
410,459GC,https://www.hawaii.va.gov/locations/Kailua_Kona_Hawaii.asp,VHA
411,459QA,https://www.hawaii.va.gov/locations/lanai.asp,VHA
412,459GG,https://www.hawaii.va.gov/locations/Leeward.asp,VHA
413,459GD,https://www.hawaii.va.gov/locations/Lihue_Kauai.asp,VHA
414,459GA,https://www.hawaii.va.gov/locations/Maui.asp,VHA
415,459QB,https://www.hawaii.va.gov/locations/molokai.asp,VHA
416,459GH,https://www.hawaii.va.gov/locations/saipan.asp,VHA
417,459,https://www.hawaii.va.gov/locations/directions.asp,VHA
418,578GD,https://www.hines.va.gov/locations/aurora.asp,VHA
419,578,https://www.hines.va.gov/locations/directions.asp,VHA
420,578GE,https://www.hines.va.gov/locations/Hoffman_Estates.asp,VHA
421,578GA,https://www.hines.va.gov/locations/joliet.asp,VHA
422,578GC,https://www.hines.va.gov/locations/kankakee.asp,VHA
423,578GF,https://www.hines.va.gov/locations/LaSalle.asp,VHA
424,578GG,https://www.hines.va.gov/locations/OakLawn.asp,VHA
425,580BY,https://www.houston.va.gov/locations/Beaumont_VA_Outpatient_Clinic.asp,VHA
426,580BZ,https://www.houston.va.gov/locations/Charles_Wilson_VA_Outpatient_Clinic.asp,VHA
427,580GD,https://www.houston.va.gov/locations/Conroe_VA_Outpatient_Clinic.asp,VHA
428,580GC,https://www.houston.va.gov/locations/Galveston_VA_Outpatient_Clinic.asp,VHA
429,580GE,https://www.houston.va.gov/locations/Katy_VA_Outpatient_Clinic.asp,VHA
430,580GF,https://www.houston.va.gov/locations/Lake_Jackson_VA_Outpatient_Clinic.asp,VHA
431,580,https://www.houston.va.gov/locations/directions.asp,VHA
432,580GG,https://www.houston.va.gov/locations/Richmond_VA_Outpatient_Clinic.asp,VHA
433,580GJ,https://www.houston.va.gov/locations/Texas_City_VA_Outpatient_Clinic.asp,VHA
434,580GH,https://www.houston.va.gov/locations/Tomball_VA_Outpatient_Clinic.asp,VHA
435,620GB,https://www.hudsonvalley.va.gov/locations/Carmel_Community_Clinic_Putnam_County.asp,VHA
436,620A4,https://www.hudsonvalley.va.gov/locations/Castle_Point_Campus.asp,VHA
437,620GH,https://www.hudsonvalley.va.gov/locations/Eastern_Dutchess_Pine_Plains_Community_Clinic.asp,VHA
438,620,https://www.hudsonvalley.va.gov/locations/directions.asp,VHA
439,620GD,https://www.hudsonvalley.va.gov/locations/Goshen_Community_Clinic.asp,VHA
440,620GF,https://www.hudsonvalley.va.gov/locations/Monticello_Community_Clinic.asp,VHA
441,620GA,https://www.hudsonvalley.va.gov/locations/New_City_Community_Clinic.asp,VHA
442,620GE,https://www.hudsonvalley.va.gov/locations/Port_Jervis_Community_Clinic.asp,VHA
443,620GG,https://www.hudsonvalley.va.gov/locations/Poughkeepsie_Community_Clinic.asp,VHA
444,581GB,https://www.huntington.va.gov/locations/charleston.asp,VHA
445,581GG,https://www.huntington.va.gov/locations/gallipolis.asp,VHA
446,581,https://www.huntington.va.gov/locations/directions.asp,VHA
447,581QA,https://www.huntington.va.gov/locations/HVRC.asp,VHA
448,581GH,https://www.huntington.va.gov/locations/lenore.asp,VHA
449,581GA,https://www.huntington.va.gov/locations/prestonsburg.asp,VHA
450,583GB,https://www.indianapolis.va.gov/locations/Bloomington_CBOC.asp,VHA
451,6505,https://www.indianapolis.va.gov/locations/Crane.asp,VHA
452,6463,https://www.indianapolis.va.gov/locations/Crane_VA_Clinic.asp,VHA
453,583QB,https://www.indianapolis.va.gov/locations/Homeless_Team.asp,VHA
454,583GD,https://www.indianapolis.va.gov/locations/Indy_West_VA_Clinic.asp,VHA
455,583QD,https://www.indianapolis.va.gov/locations/Indianapolis_YMCA_VA_Clinic.asp,VHA
456,583QD,https://www.indianapolis.va.gov/locations/Indianapolis_YMCA_VA_Clinic_Pike_Township.asp,VHA
457,583GC,https://www.indianapolis.va.gov/locations/Martinsville_CBOC.asp,VHA
458,583QA,https://www.indianapolis.va.gov/locations/Bloomington_Outpatient_Mental_Health_Outpatient_Clinic.asp,VHA
459,6483,https://www.indianapolis.va.gov/locations/Patient_Response_Center.asp,VHA
460,583,https://www.indianapolis.va.gov/locations/directions.asp,VHA
461,583GG,https://www.indianapolis.va.gov/locations/Shelbyville_VA_Clinic.asp,VHA
462,583GA,https://www.indianapolis.va.gov/locations/Terre_Haute_CBOC.asp,VHA
463,583QC,https://www.indianapolis.va.gov/locations/Terre_Haute_Mental_Health.asp,VHA
464,583GF,https://www.indianapolis.va.gov/locations/Wakeman_VA_Clinic.asp,VHA
465,583GE,https://www.indianapolis.va.gov/locations/Lafayette_CBOC.asp,VHA
466,636GN,https://www.iowacity.va.gov/locations/CBOC_Cedar_Rapids_IA.asp,VHA
467,636GW,https://www.iowacity.va.gov/locations/CBOC_Coralville_IA.asp,VHA
468,636GU,https://www.iowacity.va.gov/locations/CBOC_Decorah_IA.asp,VHA
469,636GJ,https://www.iowacity.va.gov/locations/CBOC_Dubuque_IA.asp,VHA
470,636A8,https://www.iowacity.va.gov/locations/directions.asp,VHA
471,636GI,https://www.iowacity.va.gov/locations/CBOC_Galesburg_IL.asp,VHA
472,636GS,https://www.iowacity.va.gov/locations/CBOC_Ottumwa_IA.asp,VHA
473,636GF,https://www.iowacity.va.gov/locations/CBOC_Quad_Cities_IA.asp,VHA
474,636GG,https://www.iowacity.va.gov/locations/CBOC_Quincy_IL.asp,VHA
475,636GT,https://www.iowacity.va.gov/locations/CBOC_Sterling_IL.asp,VHA
476,636GH,https://www.iowacity.va.gov/locations/CBOC_Waterloo_IA.asp,VHA
477,585GA,https://www.ironmountain.va.gov/locations/hancock.asp,VHA
478,585GD,https://www.ironmountain.va.gov/locations/Ironwood.asp,VHA
479,585GF,https://www.ironmountain.va.gov/locations/Manistique.asp,VHA
480,585HA,https://www.ironmountain.va.gov/locations/Marquette.asp,VHA
481,585GC,https://www.ironmountain.va.gov/locations/Menominee.asp,VHA
482,585,https://www.ironmountain.va.gov/locations/directions.asp,VHA
483,585GB,https://www.ironmountain.va.gov/locations/Rhinelander.asp,VHA
484,585HB,https://www.ironmountain.va.gov/locations/SaultSteMarie.asp,VHA
485,586GF,https://www.jackson.va.gov/locations/Columbus.asp,VHA
486,586,https://www.jackson.va.gov/locations/directions.asp,VHA
487,586GC,https://www.jackson.va.gov/locations/Greenville.asp,VHA
488,586GD,https://www.jackson.va.gov/locations/Hattiesburg.asp,VHA
489,586GA,https://www.jackson.va.gov/locations/kosciusko.asp,VHA
490,586GG,https://www.jackson.va.gov/locations/McComb.asp,VHA
491,586GB,https://www.jackson.va.gov/locations/Meridian.asp,VHA
492,586GE,https://www.jackson.va.gov/locations/Natchez.asp,VHA
493,589GB,https://www.kansascity.va.gov/locations/Belton_CBOC.asp,VHA
494,589GZ,https://www.kansascity.va.gov/locations/Cameron_CBOC.asp,VHA
495,589JB,https://www.kansascity.va.gov/locations/Excelsior_Springs_CBOC.asp,VHA
496,589JF,https://www.kansascity.va.gov/locations/Honor_Annex.asp,VHA
497,589JC,https://www.kansascity.va.gov/locations/Shawnee_VA_Clinic.asp,VHA
498,589,https://www.kansascity.va.gov/locations/directions.asp,VHA
499,589HK,https://www.kansascity.va.gov/locations/MobileMedUnit.asp,VHA
500,589GD,https://www.kansascity.va.gov/locations/Nevada_CBOC.asp,VHA
501,589GC,https://www.kansascity.va.gov/locations/Paola_CBOC.asp,VHA
502,589G1,https://www.kansascity.va.gov/locations/Warrensburg_CBOC.asp,VHA
503,593GH,https://www.lasvegas.va.gov/locations/Laughlin_Rural_Outreach_Clinic.asp,VHA
504,0,https://www.lasvegas.va.gov/locations/Mike_O_Callaghan_Military_Medical_Center.asp,VHA
505,593,https://www.lasvegas.va.gov/locations/directions.asp,VHA
506,593GG,https://www.lasvegas.va.gov/locations/Northeast_Primary_Care_Clinic.asp,VHA
507,593GD,https://www.lasvegas.va.gov/locations/Northwest_Primary_Care_Clinic.asp,VHA
508,593GC,https://www.lasvegas.va.gov/locations/Pahrump_Clinic_CBOC.asp,VHA
509,593GE,https://www.lasvegas.va.gov/locations/Southeast_Primary_Care_Clinic.asp,VHA
510,593GF,https://www.lasvegas.va.gov/locations/Southwest_Primary_Care_Clinic.asp,VHA
511,589A5,https://www.leavenworth.va.gov/locations/TopekaDirections.asp,VHA
512,589A6,https://www.leavenworth.va.gov/locations/Directions.asp,VHA
513,589JE,https://www.leavenworth.va.gov/locations/Platte.asp,VHA
514,589GI,https://www.leavenworth.va.gov/locations/St_Joseph_Community_Based_Outpatient_Clinic.asp,VHA
515,589GJ,https://www.leavenworth.va.gov/locations/Wyandotte_County_Community_Based_Outpatient_Clinic.asp,VHA
516,595GD,https://www.lebanon.va.gov/locations/BerksCBOC.asp,VHA
517,595GA,https://www.lebanon.va.gov/locations/Cumberland_Co_VA_Clinic.asp,VHA
518,595GC,https://www.lebanon.va.gov/locations/Lancaster_VA_Clinic.asp,VHA
519,595,https://www.lebanon.va.gov/locations/Directions.asp,VHA
520,595GF,https://www.lebanon.va.gov/locations/Schuylkill_Co_VA_Clinic.asp,VHA
521,595GE,https://www.lebanon.va.gov/locations/YorkCBOC.asp,VHA
522,596GD,https://www.lexington.va.gov/locations/Berea_Kentucky_CBOC.asp,VHA
523,596,https://www.lexington.va.gov/locations/Leestown_Division.asp,VHA
524,596GC,https://www.lexington.va.gov/locations/Hazard_Kentucky_CBOC.asp,VHA
525,596GB,https://www.lexington.va.gov/locations/Morehead_Kentucky_CBOC.asp,VHA
526,596GA,https://www.lexington.va.gov/locations/Somerset_Kentucky_CBOC.asp,VHA
527,596A4,https://www.lexington.va.gov/locations/directions.asp,VHA
528,598GG,https://www.littlerock.va.gov/locations/Conway.asp,VHA
529,598GB,https://www.littlerock.va.gov/locations/ElDorado.asp,VHA
530,598A0,https://www.littlerock.va.gov/locations/northlittlerock.asp,VHA
531,598GC,https://www.littlerock.va.gov/locations/HotSprings.asp,VHA
532,598,https://www.littlerock.va.gov/locations/directions.asp,VHA
533,598GD,https://www.littlerock.va.gov/locations/Mena.asp,VHA
534,598GA,https://www.littlerock.va.gov/locations/MountainHome.asp,VHA
535,598GE,https://www.littlerock.va.gov/locations/PineBluff.asp,VHA
536,598GH,https://www.littlerock.va.gov/locations/Russellville.asp,VHA
537,598GF,https://www.littlerock.va.gov/locations/Searcy.asp,VHA
538,605QA,https://www.lomalinda.va.gov/locations/Blythe.asp,VHA
539,605GD,https://www.lomalinda.va.gov/locations/corona.asp,VHA
540,605,https://www.lomalinda.va.gov/locations/directions.asp,VHA
541,605BZ,https://www.lomalinda.va.gov/locations/Ambulatory_Care_Center.asp,VHA
542,605GB,https://www.lomalinda.va.gov/locations/murrieta.asp,VHA
543,605GC,https://www.lomalinda.va.gov/locations/palm_desert.asp,VHA
544,605GE,https://www.lomalinda.va.gov/locations/rancho_cucamonga.asp,VHA
545,605GA,https://www.lomalinda.va.gov/locations/victorville.asp,VHA
546,600GA,https://www.longbeach.va.gov/locations/Anaheim.asp,VHA
547,600GC,https://www.longbeach.va.gov/locations/Villages_at_Cabrillo.asp,VHA
548,600GE,https://www.longbeach.va.gov/locations/LagunaHills.asp,VHA
549,600GB,https://www.longbeach.va.gov/locations/SantaAna.asp,VHA
550,600GD,https://www.longbeach.va.gov/locations/Whittier_Santa_Fe_Springs_Clinic.asp,VHA
551,600,https://www.longbeach.va.gov/locations/directions.asp,VHA
552,691GG,https://www.losangeles.va.gov/locations/directions-LAN.asp,VHA
553,691GD,https://www.losangeles.va.gov/locations/directions-BAK.asp,VHA
554,691GF,https://www.losangeles.va.gov/locations/directions-ELA.asp,VHA
555,691GC,https://www.losangeles.va.gov/locations/directions-GAR.asp,VHA
556,691GE,https://www.losangeles.va.gov/locations/directions-LAACC.asp,VHA
557,691GM,https://www.losangeles.va.gov/locations/directions-OX.asp,VHA
558,691GP,https://www.losangeles.va.gov/locations/directions-SGVCBOC.asp,VHA
559,691GK,https://www.losangeles.va.gov/locations/directions-SLO.asp,VHA
560,691GB,https://www.losangeles.va.gov/locations/directions-SB.asp,VHA
561,691GL,https://www.losangeles.va.gov/locations/directions-SM.asp,VHA
562,691A4,https://www.losangeles.va.gov/locations/directions-SACC.asp,VHA
563,691,https://www.losangeles.va.gov/locations/directions.asp,VHA
564,603GH,https://www.louisville.va.gov/locations/carrollton.asp,VHA
565,603GA,https://www.louisville.va.gov/locations/fortknox.asp,VHA
566,603GF,https://www.louisville.va.gov/locations/grayson.asp,VHA
567,603GB,https://www.louisville.va.gov/locations/newalbany.asp,VHA
568,603GE,https://www.louisville.va.gov/locations/newburg.asp,VHA
569,603,https://www.louisville.va.gov/locations/directions.asp,VHA
570,603GG,https://www.louisville.va.gov/locations/scottsburg.asp,VHA
571,603GC,https://www.louisville.va.gov/locations/shively.asp,VHA
572,603GD,https://www.louisville.va.gov/locations/Stonybrook_VA_Clinic.asp,VHA
573,556,https://www.lovell.fhcc.va.gov/locations/Parking.asp,VHA
574,556,https://www.lovell.fhcc.va.gov/locations/directions.asp,VHA
575,556GA,https://www.lovell.fhcc.va.gov/locations/Evanston_Community_Based_Outpatient_Clinic.asp,VHA
576,556GD,https://www.lovell.fhcc.va.gov/locations/Kenosha_Community_Based_Outpatient_Clinic.asp,VHA
577,556GC,https://www.lovell.fhcc.va.gov/locations/McHenry_Community_Based_Outpatient_Clinic.asp,VHA
578,0,https://www.lovell.fhcc.va.gov/locations/USSOsborne.asp,VHA
579,0,https://www.lovell.fhcc.va.gov/locations/USSRedRover.asp,VHA
580,0,https://www.lovell.fhcc.va.gov/locations/USS_Tranquillity.asp,VHA
581,0,https://www.lovell.fhcc.va.gov/locations/FisherMedicalDentalClinic.asp,VHA
582,607GD,https://www.madison.va.gov/locations/baraboo.asp,VHA
583,607GE,https://www.madison.va.gov/locations/BeaverDam.asp,VHA
584,607GF,https://www.madison.va.gov/locations/freeport.asp,VHA
585,607GC,https://www.madison.va.gov/locations/janesville.asp,VHA
586,607AA,https://www.madison.va.gov/locations/madisoncentral.asp,VHA
587,607GG,https://www.madison.va.gov/locations/westannex.asp,VHA
588,607HA,https://www.madison.va.gov/locations/rockford.asp,VHA
589,607,https://www.madison.va.gov/locations/directions.asp,VHA
590,402HB,https://www.maine.va.gov/locations/bangor.asp,VHA
591,402HL,https://www.maine.va.gov/locations/Mobile_Medical_Unit.asp,VHA
592,402GB,https://www.maine.va.gov/locations/calais.asp,VHA
593,402GA,https://www.maine.va.gov/locations/caribou.asp,VHA
594,402QA,https://www.maine.va.gov/locations/fort_kent.asp,VHA
595,402QB,https://www.maine.va.gov/locations/houlton.asp,VHA
596,402GE,https://www.maine.va.gov/locations/lewiston_auburn.asp,VHA
597,402GF,https://www.maine.va.gov/locations/lincoln.asp,VHA
598,402HC,https://www.maine.va.gov/locations/portland.asp,VHA
599,402GC,https://www.maine.va.gov/locations/rumford.asp,VHA
600,402GD,https://www.maine.va.gov/locations/saco.asp,VHA
601,402,https://www.maine.va.gov/locations/directions.asp,VHA
602,608GD,https://www.manchester.va.gov/locations/conway.asp,VHA
603,608,https://www.manchester.va.gov/locations/directions.asp,VHA
604,608GA,https://www.manchester.va.gov/locations/portsmouth.asp,VHA
605,608GC,https://www.manchester.va.gov/locations/somersworth.asp,VHA
606,608HA,https://www.manchester.va.gov/locations/tilton.asp,VHA
607,657GT,https://www.marion.va.gov/locations/carbondale.asp,VHA
608,657GM,https://www.marion.va.gov/locations/effingham.asp,VHA
609,657GJ,https://www.marion.va.gov/locations/evansville.asp,VHA
610,657GO,https://www.marion.va.gov/locations/hanson.asp,VHA
611,657GU,https://www.marion.va.gov/locations/harrisburg.asp,VHA
612,657A5,https://www.marion.va.gov/locations/directions.asp,VHA
613,657GR,https://www.marion.va.gov/locations/mayfield.asp,VHA
614,657GK,https://www.marion.va.gov/locations/mt_vernon.asp,VHA
615,657GP,https://www.marion.va.gov/locations/owensboro.asp,VHA
616,657GL,https://www.marion.va.gov/locations/paducah.asp,VHA
617,657GQ,https://www.marion.va.gov/locations/vincennes.asp,VHA
618,613GA,https://www.martinsburg.va.gov/locations/cumberland.asp,VHA
619,613GG,https://www.martinsburg.va.gov/locations/ftDetrick.asp,VHA
620,613GD,https://www.martinsburg.va.gov/locations/franklin.asp,VHA
621,613GB,https://www.martinsburg.va.gov/locations/hagerstown.asp,VHA
622,613GF,https://www.martinsburg.va.gov/locations/harrisonburg.asp,VHA
623,613,https://www.martinsburg.va.gov/locations/directions.asp,VHA
624,613GE,https://www.martinsburg.va.gov/locations/petersburg.asp,VHA
625,613GC,https://www.martinsburg.va.gov/locations/stephenscity.asp,VHA
626,512,https://www.maryland.va.gov/locations/Baltimore_VA_Medical_Center.asp,VHA
627,512GA,https://www.maryland.va.gov/locations/Cambridge_VA_Outpatient_Clinic.asp,VHA
628,512GF,https://www.maryland.va.gov/locations/EasternBaltimoreCountyVAOutpatientClinic.asp,VHA
629,512GG,https://www.maryland.va.gov/locations/Fort_Meade_VA_Outpatient_Clinic.asp,VHA
630,512GC,https://www.maryland.va.gov/locations/Glen_Burnie_VA_Outpatient_Clinic.asp,VHA
631,512GD,https://www.maryland.va.gov/locations/Loch_Raven_VA_Medical_Center.asp,VHA
632,512A5,https://www.maryland.va.gov/locations/Perry_Point_VA_Medical_Center.asp,VHA
633,512GE,https://www.maryland.va.gov/locations/Pocomoke_City_VA_Outpatient_Clinic.asp,VHA
634,614GE,https://www.memphis.va.gov/locations/Covington.asp,VHA
635,614GI,https://www.memphis.va.gov/locations/Dyersburg.asp,VHA
636,614GN,https://www.memphis.va.gov/locations/Helena.asp,VHA
637,614GC,https://www.memphis.va.gov/locations/Holly_Springs.asp,VHA
638,614GG,https://www.memphis.va.gov/locations/Jackson.asp,VHA
639,614GB,https://www.memphis.va.gov/locations/Jonesboro.asp,VHA
640,614,https://www.memphis.va.gov/locations/directions.asp,VHA
641,614GF,https://www.memphis.va.gov/locations/Memphis_Nonconnah.asp,VHA
642,614GD,https://www.memphis.va.gov/locations/Savannah.asp,VHA
643,614GA,https://www.memphis.va.gov/locations/Tupelo.asp,VHA
644,546,https://www.miami.va.gov/locations/directions.asp,VHA
645,546GH,https://www.miami.va.gov/locations/Deerfield_Beach.asp,VHA
646,546GF,https://www.miami.va.gov/locations/Hollywood.asp,VHA
647,546GC,https://www.miami.va.gov/locations/Homestead.asp,VHA
648,546GE,https://www.miami.va.gov/locations/Key_Largo.asp,VHA
649,546GB,https://www.miami.va.gov/locations/Key_West.asp,VHA
650,546GA,https://www.miami.va.gov/locations/Healthcare_for_Homeless_Veterans.asp,VHA
651,546GD,https://www.miami.va.gov/locations/Pembroke_Pines.asp,VHA
652,546BZ,https://www.miami.va.gov/locations/William_Bill_Kling.asp,VHA
653,695,https://www.milwaukee.va.gov/locations/directions.asp,VHA
654,695GC,https://www.milwaukee.va.gov/locations/Cleveland.asp,VHA
655,695BY,https://www.milwaukee.va.gov/locations/Appleton.asp,VHA
656,695GD,https://www.milwaukee.va.gov/locations/Green_Bay.asp,VHA
657,695GA,https://www.milwaukee.va.gov/locations/Union_Grove.asp,VHA
658,618GK,https://www.minneapolis.va.gov/locations/AlbertLea.asp,VHA
659,618GE,https://www.minneapolis.va.gov/locations/ChippewaValley.asp,VHA
660,618QB,https://www.minneapolis.va.gov/locations/Ely.asp,VHA
661,618GH,https://www.minneapolis.va.gov/locations/Hayward.asp,VHA
662,618GB,https://www.minneapolis.va.gov/locations/Hibbing.asp,VHA
663,618GN,https://www.minneapolis.va.gov/locations/Mankato.asp,VHA
664,618GD,https://www.minneapolis.va.gov/locations/Maplewood.asp,VHA
665,618,https://www.minneapolis.va.gov/locations/directions.asp,VHA
666,618GI,https://www.minneapolis.va.gov/locations/NorthwestMetro.asp,VHA
667,618GM,https://www.minneapolis.va.gov/locations/RiceLake.asp,VHA
668,618GG,https://www.minneapolis.va.gov/locations/Rochester.asp,VHA
669,618GJ,https://www.minneapolis.va.gov/locations/Shakopee.asp,VHA
670,618GA,https://www.minneapolis.va.gov/locations/SouthCentral.asp,VHA
671,618BY,https://www.minneapolis.va.gov/locations/TwinPorts.asp,VHA
672,436GA,https://www.montana.va.gov/locations/Anaconda_VA_Community_Based_Outpatient_Clinic.asp,VHA
673,436GH,https://www.montana.va.gov/locations/Billings_VA_Community_Based_Outpatient_Clinic.asp,VHA
674,436GD,https://www.montana.va.gov/locations/Bozeman_VA_Community_Based_Outpatient_Clinic.asp,VHA
675,436GL,https://www.montana.va.gov/locations/Cut_Bank_VA_Community_Based_Outpatient_Clinic.asp,VHA
676,436GC,https://www.montana.va.gov/locations/Missoula_VA_Community_Based_Outpatient_Clinic.asp,VHA
677,436,https://www.montana.va.gov/locations/directions.asp,VHA
678,436GI,https://www.montana.va.gov/locations/Glasgow_VA_Community_Based_Outpatient_Clinic.asp,VHA
679,436GK,https://www.montana.va.gov/locations/Glendive_VA_Community_Based_Outpatient_Clinic.asp,VHA
680,436GB,https://www.montana.va.gov/locations/Great_Falls_VA_Community_Based_Outpatient_Clinic.asp,VHA
681,436QA,https://www.montana.va.gov/locations/Hamilton_Primary_Care_Telehealth_Outreach_Clinic.asp,VHA
682,436GF,https://www.montana.va.gov/locations/Kalispell_VA_Community_Based_Outpatient_Clinic.asp,VHA
683,436GM,https://www.montana.va.gov/locations/Lewistown_VA_Community_Based_Outpatient_Clinic.asp,VHA
684,436HC,https://www.montana.va.gov/locations/Havre_VA_Community_Based_Outreach_Clinic.asp,VHA
685,436A4,https://www.montana.va.gov/locations/Miles_City_VA_Community_Based_Outreach_Clinic_Nursing_Home.asp,VHA
686,436QB,https://www.montana.va.gov/locations/Plentywood_Primary_Care_Telehealth_Outreach_Clinic.asp,VHA
687,621GJ,https://www.mountainhome.va.gov/locations/Bristol.asp,VHA
688,621GK,https://www.mountainhome.va.gov/locations/LaFollette_Campbell.asp,VHA
689,621GI,https://www.mountainhome.va.gov/locations/Sevierville.asp,VHA
690,621,https://www.mountainhome.va.gov/locations/directions.asp,VHA
691,621QA,https://www.mountainhome.va.gov/locations/Jonesville.asp,VHA
692,621QB,https://www.mountainhome.va.gov/locations/Marion.asp,VHA
693,621GG,https://www.mountainhome.va.gov/locations/Morristown.asp,VHA
694,621GC,https://www.mountainhome.va.gov/locations/Norton.asp,VHA
695,621GA,https://www.mountainhome.va.gov/locations/Rogersville.asp,VHA
696,621QC,https://www.mountainhome.va.gov/locations/Vansant.asp,VHA
697,621BY,https://www.mountainhome.va.gov/locations/Knoxville.asp,VHA
698,623BY,https://www.muskogee.va.gov/locations/Tulsa.asp,VHA
699,623,https://www.muskogee.va.gov/locations/directions.asp,VHA
700,623QA,https://www.muskogee.va.gov/locations/Jack_C_Montgomery_East.asp,VHA
701,623GA,https://www.muskogee.va.gov/locations/McAlester_VA_Outpatient_Clinic.asp,VHA
702,623GC,https://www.muskogee.va.gov/locations/McCurtain_County_Community_Based_Outpatient_Clinic.asp,VHA
703,623QB,https://www.muskogee.va.gov/locations/Tulsa_VA_Behavioral_Medicine_Clinic.asp,VHA
704,623GB,https://www.muskogee.va.gov/locations/Vinita.asp,VHA
705,623QC,https://www.muskogee.va.gov/locations/Tulsa_VA_Dental_Clinic.asp,VHA
706,636GL,https://www.nebraska.va.gov/locations/Bellevue.asp,VHA
707,636A4,https://www.nebraska.va.gov/locations/Grand_Island.asp,VHA
708,636GQ,https://www.nebraska.va.gov/locations/Holdrege.asp,VHA
709,636A5,https://www.nebraska.va.gov/locations/Lincoln_CBOC.asp,VHA
710,636GA,https://www.nebraska.va.gov/locations/Norfolk.asp,VHA
711,636GB,https://www.nebraska.va.gov/locations/North_Platte.asp,VHA
712,636,https://www.nebraska.va.gov/locations/Directions.asp,VHA
713,636GV,https://www.nebraska.va.gov/locations/O_Neill.asp,VHA
714,636GP,https://www.nebraska.va.gov/locations/Shenandoah.asp,VHA
715,561,https://www.newjersey.va.gov/locations/directions.asp,VHA
716,561GB,https://www.newjersey.va.gov/locations/Elizabeth.asp,VHA
717,561GD,https://www.newjersey.va.gov/locations/Hackensack.asp,VHA
718,561GA,https://www.newjersey.va.gov/locations/Hamilton.asp,VHA
719,561BZ,https://www.newjersey.va.gov/locations/brick.asp,VHA
720,561GE,https://www.newjersey.va.gov/locations/JerseyCity.asp,VHA
721,561A4,https://www.newjersey.va.gov/locations/Lyons_Campus.asp,VHA
722,561GH,https://www.newjersey.va.gov/locations/Morristown.asp,VHA
723,561GJ,https://www.newjersey.va.gov/locations/Paterson.asp,VHA
724,561GF,https://www.newjersey.va.gov/locations/Piscataway.asp,VHA
725,561GK,https://www.newjersey.va.gov/locations/Sussex.asp,VHA
726,561GI,https://www.newjersey.va.gov/locations/Tinton_Falls.asp,VHA
727,629BY,https://www.neworleans.va.gov/locations/baton_rouge.asp,VHA
728,629GF,https://www.neworleans.va.gov/locations/bogalusa.asp,VHA
729,629GE,https://www.neworleans.va.gov/locations/franklin.asp,VHA
730,629GB,https://www.neworleans.va.gov/locations/hammond.asp,VHA
731,629GA,https://www.neworleans.va.gov/locations/houma.asp,VHA
732,629,https://www.neworleans.va.gov/locations/directions.asp,VHA
733,629,https://www.neworleans.va.gov/locations/NewOrleans_Clinic.asp,VHA
734,629GC,https://www.neworleans.va.gov/locations/slidell.asp,VHA
735,629GD,https://www.neworleans.va.gov/locations/StJohn_Clinic.asp,VHA
736,612GG,https://www.northerncalifornia.va.gov/locations/Chico_OPC.asp,VHA
737,612GD,https://www.northerncalifornia.va.gov/locations/Fairfield_OPC.asp,VHA
738,612GE,https://www.northerncalifornia.va.gov/locations/Mare_Island_OPC.asp,VHA
739,612GF,https://www.northerncalifornia.va.gov/locations/Martinez_OPC.asp,VHA
740,612GH,https://www.northerncalifornia.va.gov/locations/McClellan_Outpatient_Clinic.asp,VHA
741,0,https://www.northerncalifornia.va.gov/locations/McClellan_Dental_Clinic.asp,VHA
742,612BY,https://www.northerncalifornia.va.gov/locations/Oakland_OPC.asp,VHA
743,612B4,https://www.northerncalifornia.va.gov/locations/Redding_OPC.asp,VHA
744,612A4,https://www.northerncalifornia.va.gov/locations/directions.asp,VHA
745,612QB,https://www.northerncalifornia.va.gov/locations/Oakland_BHC.asp,VHA
746,612GJ,https://www.northerncalifornia.va.gov/locations/Yreka_Rural_Health_Clinic.asp,VHA
747,612GI,https://www.northerncalifornia.va.gov/locations/Yuba_City_OPC.asp,VHA
748,610A4,https://www.northernindiana.va.gov/locations/Directions.asp,VHA
749,610A4,https://www.northernindiana.va.gov/locations/FortWayne.asp,VHA
750,610GC,https://www.northernindiana.va.gov/locations/Goshsen.asp,VHA
751,610,https://www.northernindiana.va.gov/locations/Marion.asp,VHA
752,610GB,https://www.northernindiana.va.gov/locations/Muncie.asp,VHA
753,610GD,https://www.northernindiana.va.gov/locations/Peru.asp,VHA
754,610BY,https://www.northernindiana.va.gov/locations/StJosephCounty.asp,VHA
755,573BY,https://www.northflorida.va.gov/locations/Jacksonville.asp,VHA
756,573A4,https://www.northflorida.va.gov/locations/LakeCity.asp,VHA
757,573,https://www.northflorida.va.gov/locations/gainesville.asp,VHA
758,573,https://www.northflorida.va.gov/locations/directions.asp,VHA
759,573GK,https://www.northflorida.va.gov/locations/Marianna.asp,VHA
760,573GD,https://www.northflorida.va.gov/locations/Ocala.asp,VHA
761,573GL,https://www.northflorida.va.gov/locations/Palatka.asp,VHA
762,573GN,https://www.northflorida.va.gov/locations/perry.asp,VHA
763,573GE,https://www.northflorida.va.gov/locations/StAugustine.asp,VHA
764,573GF,https://www.northflorida.va.gov/locations/Tallahassee.asp,VHA
765,573GJ,https://www.northflorida.va.gov/locations/stMarys.asp,VHA
766,573GI,https://www.northflorida.va.gov/locations/TheVillages.asp,VHA
767,573GA,https://www.northflorida.va.gov/locations/Valdosta.asp,VHA
768,573GM,https://www.northflorida.va.gov/locations/waycross.asp,VHA
769,632HC,https://www.northport.va.gov/locations/Bay_Shore_Clinic.asp,VHA
770,632GA,https://www.northport.va.gov/locations/East_Meadow_Clinic.asp,VHA
771,632,https://www.northport.va.gov/locations/directions.asp,VHA
772,632HD,https://www.northport.va.gov/locations/Patchogue_Community_Clinic.asp,VHA
773,632HB,https://www.northport.va.gov/locations/Riverhead_Clinic.asp,VHA
774,632HA,https://www.northport.va.gov/locations/Valley_Stream_Clinic.asp,VHA
775,549QC,https://www.northtexas.va.gov/locations/Broadway.asp,VHA
776,549,https://www.northtexas.va.gov/locations/directions.asp,VHA
777,549GE,https://www.northtexas.va.gov/locations/Decatur.asp,VHA
778,549GD,https://www.northtexas.va.gov/locations/Denton.asp,VHA
779,549BY,https://www.northtexas.va.gov/locations/FWOPC.asp,VHA
780,549GF,https://www.northtexas.va.gov/locations/Granbury.asp,VHA
781,549GM,https://www.northtexas.va.gov/locations/Grand_Prairie.asp,VHA
782,549GH,https://www.northtexas.va.gov/locations/Greenville.asp,VHA
783,549GL,https://www.northtexas.va.gov/locations/Plano_Outpatient_Clinic.asp,VHA
784,549GK,https://www.northtexas.va.gov/locations/Polk.asp,VHA
785,549A4,https://www.northtexas.va.gov/locations/Bonham.asp,VHA
786,549GJ,https://www.northtexas.va.gov/locations/Sherman.asp,VHA
787,630A4,https://www.nyharbor.va.gov/locations/Brooklyn_Campus.asp,VHA
788,630GA,https://www.nyharbor.va.gov/locations/Harlem_Community_Clinic.asp,VHA
789,630,https://www.nyharbor.va.gov/locations/directions.asp,VHA
790,630A5,https://www.nyharbor.va.gov/locations/St_Albans_Community_Living_Center.asp,VHA
791,630GB,https://www.nyharbor.va.gov/locations/Staten_Island_Community_Based_Outpatient_Clinic.asp,VHA
792,635GD,https://www.oklahoma.va.gov/locations/Ada_OK.asp,VHA
793,635GF,https://www.oklahoma.va.gov/locations/Altus_OK.asp,VHA
794,635HB,https://www.oklahoma.va.gov/locations/Ardmore_OK.asp,VHA
795,635GC,https://www.oklahoma.va.gov/locations/Blackwell_OK.asp,VHA
796,635GG,https://www.oklahoma.va.gov/locations/Enid_VA_Clinic.asp,VHA
797,635GA,https://www.oklahoma.va.gov/locations/Lawton_Ft_Sill_OK.asp,VHA
798,635QA,https://www.oklahoma.va.gov/locations/North_May_OK_CBOC.asp,VHA
799,635,https://www.oklahoma.va.gov/locations/directions.asp,VHA
800,635QB,https://www.oklahoma.va.gov/locations/South_Oklahoma_City_VA_Clinic.asp,VHA
801,635GE,https://www.oklahoma.va.gov/locations/Stillwater_CBOC.asp,VHA
802,635GB,https://www.oklahoma.va.gov/locations/Wichita_Falls_TX.asp,VHA
803,675GF,https://www.orlando.va.gov/locations/Clermont.asp,VHA
804,675QD,https://www.orlando.va.gov/locations/Crossroads.asp,VHA
805,675GD,https://www.orlando.va.gov/locations/Deltona.asp,VHA
806,675GC,https://www.orlando.va.gov/locations/Kissimmee.asp,VHA
807,675GG,https://www.orlando.va.gov/locations/LakeBaldwin.asp,VHA
808,675,https://www.orlando.va.gov/locations/directions.asp,VHA
809,675GE,https://www.orlando.va.gov/locations/Leesburg.asp,VHA
810,675GA,https://www.orlando.va.gov/locations/Viera.asp,VHA
811,675GB,https://www.orlando.va.gov/locations/Daytona.asp,VHA
812,640GA,https://www.paloalto.va.gov/locations/capitola.asp,VHA
813,640GC,https://www.paloalto.va.gov/locations/fremont.asp,VHA
814,640HC,https://www.paloalto.va.gov/locations/monterey.asp,VHA
815,640HB,https://www.paloalto.va.gov/locations/modesto.asp,VHA
816,640,https://www.paloalto.va.gov/locations/directions.asp,VHA
817,640A4,https://www.paloalto.va.gov/locations/livermore.asp,VHA
818,640A0,https://www.paloalto.va.gov/locations/menlopark.asp,VHA
819,640BY,https://www.paloalto.va.gov/locations/sanjose.asp,VHA
820,640GB,https://www.paloalto.va.gov/locations/sonora.asp,VHA
821,640HA,https://www.paloalto.va.gov/locations/stockton.asp,VHA
822,642GA,https://www.philadelphia.va.gov/locations/Burlington_County_VA_Clinic.asp,VHA
823,642GF,https://www.philadelphia.va.gov/locations/Camden_NJ_Community_Based_Outpatient_Clinic_CBOC.asp,VHA
824,642,https://www.philadelphia.va.gov/locations/directions.asp,VHA
825,642GD,https://www.philadelphia.va.gov/locations/Gloucester_County_NJ_Community_Based_Outpatient_Clinic_CBOC.asp,VHA
826,642GC,https://www.philadelphia.va.gov/locations/Victor_J_Saracini_Community_Based_Outpatient_Clinic_CBOC.asp,VHA
827,642GH,https://www.philadelphia.va.gov/locations/West_Philadelphia.asp,VHA
828,644,https://www.phoenix.va.gov/locations/directions.asp,VHA
829,644GF,https://www.phoenix.va.gov/locations/Globe.asp,VHA
830,644GG,https://www.phoenix.va.gov/locations/Northeast.asp,VHA
831,644GA,https://www.phoenix.va.gov/locations/Northwest.asp,VHA
832,644GD,https://www.phoenix.va.gov/locations/Payson.asp,VHA
833,644GH,https://www.phoenix.va.gov/locations/Midtown_VA_Clinic.asp,VHA
834,644GB,https://www.phoenix.va.gov/locations/ShowLow.asp,VHA
835,644BY,https://www.phoenix.va.gov/locations/Southeast.asp,VHA
836,644GC,https://www.phoenix.va.gov/locations/Southwest_Community_Based_Outpatient_Clinic.asp,VHA
837,644GE,https://www.phoenix.va.gov/locations/Thunderbird.asp,VHA
838,646GC,https://www.pittsburgh.va.gov/locations/beaver.asp,VHA
839,646GA,https://www.pittsburgh.va.gov/locations/belmont.asp,VHA
840,646GE,https://www.pittsburgh.va.gov/locations/fayette.asp,VHA
841,646A4,https://www.pittsburgh.va.gov/locations/HJ-heinz.asp,VHA
842,646,https://www.pittsburgh.va.gov/locations/university-drive.asp,VHA
843,646GD,https://www.pittsburgh.va.gov/locations/washington.asp,VHA
844,646GB,https://www.pittsburgh.va.gov/locations/westmoreland.asp,VHA
845,657GH,https://www.poplarbluff.va.gov/locations/CapeGirardeau.asp,VHA
846,657GI,https://www.poplarbluff.va.gov/locations/farmington.asp,VHA
847,657A4,https://www.poplarbluff.va.gov/locations/directions.asp,VHA
848,657GG,https://www.poplarbluff.va.gov/locations/paragould.asp,VHA
849,657GW,https://www.poplarbluff.va.gov/locations/Pocahontas_CBOC.asp,VHA
850,657GN,https://www.poplarbluff.va.gov/locations/Salem_MO_Community_Based_Outpatient_Clinic.asp,VHA
851,657GV,https://www.poplarbluff.va.gov/locations/sikeston.asp,VHA
852,657GF,https://www.poplarbluff.va.gov/locations/WestPlains.asp,VHA
853,648GA,https://www.portland.va.gov/locations/bend.asp,VHA
854,648GE,https://www.portland.va.gov/locations/Fairview_Clinic.asp,VHA
855,648GF,https://www.portland.va.gov/locations/hillsboro.asp,VHA
856,648GH01,https://www.portland.va.gov/locations/Lincoln_City_Clinic.asp,VHA
857,648GJ,https://www.portland.va.gov/locations/TheDalles.asp,VHA
858,648GH,https://www.portland.va.gov/locations/newport.asp,VHA
859,648GD,https://www.portland.va.gov/locations/NorthCoast.asp,VHA
860,648GI,https://www.portland.va.gov/locations/crrc.asp,VHA
861,648,https://www.portland.va.gov/locations/directions.asp,VHA
862,648A4,https://www.portland.va.gov/locations/vancouver.asp,VHA
863,648GB,https://www.portland.va.gov/locations/salem.asp,VHA
864,648GG,https://www.portland.va.gov/locations/WestLinn.asp,VHA
865,649GD,https://www.prescott.va.gov/locations/Anthem_CBOC.asp,VHA
866,649,https://www.prescott.va.gov/locations/directions.asp,VHA
867,649QA,https://www.prescott.va.gov/locations/Chinle_CBOC.asp,VHA
868,649GE,https://www.prescott.va.gov/locations/Cottonwood_CBOC.asp,VHA
869,649GB,https://www.prescott.va.gov/locations/Flagstaff_CBOC.asp,VHA
870,649QB,https://www.prescott.va.gov/locations/Holbrook_PTOC.asp,VHA
871,649QH,https://www.prescott.va.gov/locations/Kayenta.asp,VHA
872,649GA,https://www.prescott.va.gov/locations/Kingman_CBOC.asp,VHA
873,649GC,https://www.prescott.va.gov/locations/Lake_Havasu_CBOC.asp,VHA
874,649QD,https://www.prescott.va.gov/locations/Page_PTOC.asp,VHA
875,649QG,https://www.prescott.va.gov/locations/Polacca_PTOC.asp,VHA
876,649QF,https://www.prescott.va.gov/locations/Tuba_City_PTOC.asp,VHA
877,650GB,https://www.providence.va.gov/locations/Hyannis_Community_Based_Outpatient_Clinic_CBOC.asp,VHA
878,650GD,https://www.providence.va.gov/locations/Middletown_Community_Based_Outpatient_Clinic_CBOC.asp,VHA
879,650GA,https://www.providence.va.gov/locations/New_Bedford_Community_Based_Outpatient_Clinic_CBOC.asp,VHA
880,650,https://www.providence.va.gov/locations/directions.asp,VHA
881,663A4,https://www.pugetsound.va.gov/locations/directions-AmericanLake.asp,VHA
882,663GA,https://www.pugetsound.va.gov/locations/bellevue.asp,VHA
883,663GB,https://www.pugetsound.va.gov/locations/bremerton.asp,VHA
884,663GA01,https://www.pugetsound.va.gov/locations/FederalWay.asp,VHA
885,663GC,https://www.pugetsound.va.gov/locations/MountVernon.asp,VHA
886,663GE,https://www.pugetsound.va.gov/locations/PortAngeles.asp,VHA
887,663GA02,https://www.pugetsound.va.gov/locations/NorthSeattle.asp,VHA
888,663,https://www.pugetsound.va.gov/locations/directions.asp,VHA
889,663GD,https://www.pugetsound.va.gov/locations/SouthSound.asp,VHA
890,654GB,https://www.reno.va.gov/locations/VA_Carson_Valley_Outpatient_Clinic.asp,VHA
891,654GD,https://www.reno.va.gov/locations/VA_Diamond_View_Outpatient_Clinic.asp,VHA
892,654,https://www.reno.va.gov/locations/directions.asp,VHA
893,654GC,https://www.reno.va.gov/locations/VA_Lahontan_Valley_Outpatient_Clinic.asp,VHA
894,652GE,https://www.richmond.va.gov/locations/Charlottesville.asp,VHA
895,652GF,https://www.richmond.va.gov/locations/Emporia.asp,VHA
896,652GB,https://www.richmond.va.gov/locations/Fredericksburg_Southpoint.asp,VHA
897,652GA,https://www.richmond.va.gov/locations/Fredericksburg.asp,VHA
898,652,https://www.richmond.va.gov/locations/directions.asp,VHA
899,653GB,https://www.roseburg.va.gov/locations/brookings.asp,VHA
900,653QA,https://www.roseburg.va.gov/locations/eugene_downtown.asp,VHA
901,653BY,https://www.roseburg.va.gov/locations/eugene.asp,VHA
902,653GA,https://www.roseburg.va.gov/locations/NorthBend.asp,VHA
903,653,https://www.roseburg.va.gov/locations/directions.asp,VHA
904,655,https://www.saginaw.va.gov/locations/directions.asp,VHA
905,655GF,https://www.saginaw.va.gov/locations/BadAxe.asp,VHA
906,655GG,https://www.saginaw.va.gov/locations/cadillac.asp,VHA
907,655GH,https://www.saginaw.va.gov/locations/cheboygan.asp,VHA
908,655GE,https://www.saginaw.va.gov/locations/clare.asp,VHA
909,655GB,https://www.saginaw.va.gov/locations/TraverseCity.asp,VHA
910,655GA,https://www.saginaw.va.gov/locations/gaylord.asp,VHA
911,655QB,https://www.saginaw.va.gov/locations/Grand_Traverse.asp,VHA
912,655GI,https://www.saginaw.va.gov/locations/grayling.asp,VHA
913,655GD,https://www.saginaw.va.gov/locations/alpena.asp,VHA
914,655GC,https://www.saginaw.va.gov/locations/oscoda.asp,VHA
915,655QA,https://www.saginaw.va.gov/locations/saginaw.asp,VHA
916,658GB,https://www.salem.va.gov/locations/Danville.asp,VHA
917,658GC,https://www.salem.va.gov/locations/Lynchburg.asp,VHA
918,658,https://www.salem.va.gov/locations/directions.asp,VHA
919,658GD,https://www.salem.va.gov/locations/Staunton.asp,VHA
920,658GA,https://www.salem.va.gov/locations/Tazewell.asp,VHA
921,658GE,https://www.salem.va.gov/locations/Wytheville.asp,VHA
922,659BY,https://www.salisbury.va.gov/locations/Kernersville.asp,VHA
923,659GA,https://www.salisbury.va.gov/locations/CharlotteCBOC.asp,VHA
924,659BZ,https://www.salisbury.va.gov/locations/CharlotteHCC.asp,VHA
925,659,https://www.salisbury.va.gov/locations/directions.asp,VHA
926,660GK,https://www.saltlakecity.va.gov/locations/elko_cboc.asp,VHA
927,660,https://www.saltlakecity.va.gov/locations/directions.asp,VHA
928,660QA,https://www.saltlakecity.va.gov/locations/idaho_falls_cboc.asp,VHA
929,660GB,https://www.saltlakecity.va.gov/locations/Ogden_CBOC.asp,VHA
930,660GE,https://www.saltlakecity.va.gov/locations/orem_cboc.asp,VHA
931,660GA,https://www.saltlakecity.va.gov/locations/pocatello_cboc.asp,VHA
932,660QB,https://www.saltlakecity.va.gov/locations/price_cboc.asp,VHA
933,660GD,https://www.saltlakecity.va.gov/locations/roosevelt_cboc.asp,VHA
934,660GG,https://www.saltlakecity.va.gov/locations/st_george_cboc.asp,VHA
935,660QC,https://www.saltlakecity.va.gov/locations/Weber_County_VA_Community_Clinic.asp,VHA
936,660GJ,https://www.saltlakecity.va.gov/locations/western_sl_cboc.asp,VHA
937,664GC,https://www.sandiego.va.gov/locations/chulavista.asp,VHA
938,664GD,https://www.sandiego.va.gov/locations/escondido.asp,VHA
939,664GA,https://www.sandiego.va.gov/locations/imperialvalley.asp,VHA
940,664BY,https://www.sandiego.va.gov/locations/missionvalley.asp,VHA
941,664GB,https://www.sandiego.va.gov/locations/oceanside.asp,VHA
942,664QA,https://www.sandiego.va.gov/locations/rio.asp,VHA
943,664BV,https://www.sandiego.va.gov/locations/Aspire_Center.asp,VHA
944,664,https://www.sandiego.va.gov/locations/directions.asp,VHA
945,0,https://www.sandiego.va.gov/locations/sorrentovalley.asp,VHA
946,662GG,https://www.sanfrancisco.va.gov/locations/clearlake.asp,VHA
947,662GC,https://www.sanfrancisco.va.gov/locations/Eureka.asp,VHA
948,662GE,https://www.sanfrancisco.va.gov/locations/sanbruno.asp,VHA
949,662GF,https://www.sanfrancisco.va.gov/locations/downtownclinic.asp,VHA
950,662,https://www.sanfrancisco.va.gov/locations/directions.asp,VHA
951,662GA,https://www.sanfrancisco.va.gov/locations/santarosa.asp,VHA
952,662GD,https://www.sanfrancisco.va.gov/locations/ukiah.asp,VHA
953,666QA,https://www.sheridan.va.gov/locations/afton.asp,VHA
954,666GB,https://www.sheridan.va.gov/locations/Casper.asp,VHA
955,666GD,https://www.sheridan.va.gov/locations/Cody.asp,VHA
956,666QB,https://www.sheridan.va.gov/locations/Evanston.asp,VHA
957,666GE,https://www.sheridan.va.gov/locations/Gillette.asp,VHA
958,666GC,https://www.sheridan.va.gov/locations/Riverton.asp,VHA
959,666GF,https://www.sheridan.va.gov/locations/RockSprings.asp,VHA
960,666,https://www.sheridan.va.gov/locations/directions.asp,VHA
961,666QC,https://www.sheridan.va.gov/locations/Worland.asp,VHA
962,667QA,https://www.shreveport.va.gov/locations/Knight_Street_Clinic.asp,VHA
963,667GC,https://www.shreveport.va.gov/locations/Longview_Clinic.asp,VHA
964,667GB,https://www.shreveport.va.gov/locations/Monroe_La_Clinic.asp,VHA
965,667,https://www.shreveport.va.gov/locations/directions.asp,VHA
966,0704V,https://www.shreveport.va.gov/locations/Shreveport_La_Veterans_Service_Ctr.asp,VHA
967,667GA,https://www.shreveport.va.gov/locations/Texarkana_AR_CBOC.asp,VHA
968,438GD,https://www.siouxfalls.va.gov/locations/aberdeen.asp,VHA
969,438,https://www.siouxfalls.va.gov/locations/directions.asp,VHA
970,438GC,https://www.siouxfalls.va.gov/locations/SiouxCity.asp,VHA
971,438GA,https://www.siouxfalls.va.gov/locations/SpiritLake.asp,VHA
972,438GE,https://www.siouxfalls.va.gov/locations/wagner.asp,VHA
973,438GF,https://www.siouxfalls.va.gov/locations/watertown.asp,VHA
974,692GB,https://www.southernoregon.va.gov/locations/GrantsPass.asp,VHA
975,692GA,https://www.southernoregon.va.gov/locations/KlamathFalls.asp,VHA
976,692,https://www.southernoregon.va.gov/locations/directions.asp,VHA
977,671,https://www.southtexas.va.gov/locations/directions.asp,VHA
978,671GP,https://www.southtexas.va.gov/locations/BalconesHeightsOPC.asp,VHA
979,671GH,https://www.southtexas.va.gov/locations/BeevilleCBOC.asp,VHA
980,671QB,https://www.southtexas.va.gov/locations/Dental.asp,VHA
981,671BY,https://www.southtexas.va.gov/locations/FTOPC.asp,VHA
982,671GK01,https://www.southtexas.va.gov/locations/NE410SanAntonioCBOC.asp,VHA
983,671GL,https://www.southtexas.va.gov/locations/NewBraunfelsCBOC.asp,VHA
984,671GO,https://www.southtexas.va.gov/locations/NCFC.asp,VHA
985,671GK03,https://www.southtexas.va.gov/locations/Pecan_Valley_CBOC.asp,VHA
986,671GK,https://www.southtexas.va.gov/locations/NW410SanAntonioCBOC.asp,VHA
987,671GN,https://www.southtexas.va.gov/locations/Seguin_CBOC.asp,VHA
988,671GQ,https://www.southtexas.va.gov/locations/Shavano_Park_Outpatient_Clinic.asp,VHA
989,671GF,https://www.southtexas.va.gov/locations/SBOPC.asp,VHA
990,671GK02,https://www.southtexas.va.gov/locations/SW_Military_CBOC.asp,VHA
991,671GB,https://www.southtexas.va.gov/locations/Victoria_Outpatient_Clinic.asp,VHA
992,668GB,https://www.spokane.va.gov/locations/CoeurDAlene.asp,VHA
993,668QB,https://www.spokane.va.gov/locations/libby.asp,VHA
994,668,https://www.spokane.va.gov/locations/directions.asp,VHA
995,668QD,https://www.spokane.va.gov/locations/Sandpoint.asp,VHA
996,668GA,https://www.spokane.va.gov/locations/wenatchee.asp,VHA
997,656GA,https://www.stcloud.va.gov/locations/brainerd.asp,VHA
998,656GC,https://www.stcloud.va.gov/locations/alexandria.asp,VHA
999,656GB,https://www.stcloud.va.gov/locations/montevideo.asp,VHA
1000,656,https://www.stcloud.va.gov/locations/directions.asp,VHA
1001,657GS,https://www.stlouis.va.gov/locations/Washington_MO_CBOC.asp,VHA
1002,0,https://www.stlouis.va.gov/locations/Hope_Recovery_Center.asp,VHA
1003,657,https://www.stlouis.va.gov/locations/directions.asp,VHA
1004,657GY,https://www.stlouis.va.gov/locations/Primary_Care_Team_1_Manchester_Avenue_Annex.asp,VHA
1005,657GD,https://www.stlouis.va.gov/locations/St_Charles_CBOC.asp,VHA
1006,657GA,https://www.stlouis.va.gov/locations/StClairCountyClinic.asp,VHA
1007,657GB,https://www.stlouis.va.gov/locations/St_Louis_CBOC.asp,VHA
1008,657A0,https://www.stlouis.va.gov/locations/Jefferson_Barracks_Division.asp,VHA
1009,657GX,https://www.stlouis.va.gov/locations/Primary_Care_Team_2_Washington_Avenue_Annex.asp,VHA
1010,0,https://www.syracuse.va.gov/locations/Auburn_Community_Based_Outpatient_Clinic.asp,VHA
1011,528GN,https://www.syracuse.va.gov/locations/Binghamton_Community_Based_Outpatient_Clinic.asp,VHA
1012,528GM,https://www.syracuse.va.gov/locations/Rome_Community_Based_Outpatient_Clinic.asp,VHA
1013,528GL,https://www.syracuse.va.gov/locations/Massena_Community_Based_Outpatient_Clinic.asp,VHA
1014,528GP,https://www.syracuse.va.gov/locations/Oswego_Community_Based_Outpatient_Clinic.asp,VHA
1015,528A7,https://www.syracuse.va.gov/locations/directions.asp,VHA
1016,528G9,https://www.syracuse.va.gov/locations/Tompkins_Cortland_County_VA_Outpatient_Clinic.asp,VHA
1017,528QN,https://www.syracuse.va.gov/locations/CANI_Building.asp,VHA
1018,528GO,https://www.syracuse.va.gov/locations/Watertown_Community_Based_Outpatient_Clinic.asp,VHA
1019,673GC,https://www.tampa.va.gov/locations/Brooksville_CBOC.asp,VHA
1020,673QJ,https://www.tampa.va.gov/locations/Primary_Care_Annex.asp,VHA
1021,673,https://www.tampa.va.gov/locations/directions.asp,VHA
1022,673GB,https://www.tampa.va.gov/locations/Lakeland_CBOC.asp,VHA
1023,673GH,https://www.tampa.va.gov/locations/Lecanto_Clinic.asp,VHA
1024,673BZ,https://www.tampa.va.gov/locations/New_Port_Richey_OPC.asp,VHA
1025,0,https://www.tampa.va.gov/locations/SoHi_Clinic.asp,VHA
1026,673BV,https://www.tampa.va.gov/locations/Tampa_VA_Domiciliary.asp,VHA
1027,673GF,https://www.tampa.va.gov/locations/Zephyrhills_CBOC.asp,VHA
1028,626QA,https://www.tennesseevalley.va.gov/locations/Meharry.asp,VHA
1029,626A4,https://www.tennesseevalley.va.gov/locations/Alvin_C_York.asp,VHA
1030,626GN,https://www.tennesseevalley.va.gov/locations/Athens_Outreach_Clinic.asp,VHA
1031,626GC,https://www.tennesseevalley.va.gov/locations/Bowling_Green.asp,VHA
1032,626QB,https://www.tennesseevalley.va.gov/locations/Charlotte_Avenue.asp,VHA
1033,626GF,https://www.tennesseevalley.va.gov/locations/Chattanooga.asp,VHA
1034,626GE,https://www.tennesseevalley.va.gov/locations/Clarksville.asp,VHA
1035,626GH,https://www.tennesseevalley.va.gov/locations/Cookeville.asp,VHA
1036,626GA,https://www.tennesseevalley.va.gov/locations/Dover_Stewart.asp,VHA
1037,626GP,https://www.tennesseevalley.va.gov/locations/Gallatin_VA_Clinic.asp,VHA
1038,626GJ,https://www.tennesseevalley.va.gov/locations/Hopkinsville.asp,VHA
1039,626GO,https://www.tennesseevalley.va.gov/locations/International_Plaza_CBOC.asp,VHA
1040,626GM,https://www.tennesseevalley.va.gov/locations/Maury_County.asp,VHA
1041,626GK,https://www.tennesseevalley.va.gov/locations/McMinnville.asp,VHA
1042,626,https://www.tennesseevalley.va.gov/locations/directions.asp,VHA
1043,626QC,https://www.tennesseevalley.va.gov/locations/Pointe_Centre_Outpatient_Clinic.asp,VHA
1044,626GL,https://www.tennesseevalley.va.gov/locations/Harriman_Community_Based_Outpatient_Clinic.asp,VHA
1045,626GG,https://www.tennesseevalley.va.gov/locations/Tullahoma.asp,VHA
1046,0,https://www.tennesseevalley.va.gov/locations/Women_Veterans_Healthcare_Center.asp,VHA
1047,740GC,https://www.texasvalley.va.gov/locations/Corpus_OPC.asp,VHA
1048,740,https://www.texasvalley.va.gov/locations/directions.asp,VHA
1049,740GA,https://www.texasvalley.va.gov/locations/Harlingen_OPC.asp,VHA
1050,740GD,https://www.texasvalley.va.gov/locations/Laredo_OPC.asp,VHA
1051,740GB,https://www.texasvalley.va.gov/locations/McAllen_OPC.asp,VHA
1052,740GI,https://www.texasvalley.va.gov/locations/Corpus_PACT.asp,VHA
1053,740GH,https://www.texasvalley.va.gov/locations/Corpus_Specialty_Clinic.asp,VHA
1054,676GE,https://www.tomah.va.gov/locations/ClarkCounty.asp,VHA
1055,676GC,https://www.tomah.va.gov/locations/LaCrosse.asp,VHA
1056,676,https://www.tomah.va.gov/locations/directions.asp,VHA
1057,676GA,https://www.tomah.va.gov/locations/Wausau.asp,VHA
1058,676GD,https://www.tomah.va.gov/locations/WisconsinRapids.asp,VHA
1059,589GM,https://www.topeka.va.gov/locations/Chanute_Community_Based_Outpatient_Clinic.asp,VHA
1060,589A5,https://www.topeka.va.gov/locations/directions.asp,VHA
1061,589A6,https://www.topeka.va.gov/locations/LeavenworthDirections.asp,VHA
1062,589GV,https://www.topeka.va.gov/locations/Ft_Scott_Community_Based_Outpatient_Clinic.asp,VHA
1063,589GP,https://www.topeka.va.gov/locations/Garnett_Community_Based_Outpatient_Clinic.asp,VHA
1064,589GU,https://www.topeka.va.gov/locations/Lawrence_Community_Based_Outpatient_Clinic.asp,VHA
1065,589GR,https://www.topeka.va.gov/locations/Junction_City_Community-Based_Outpatient_Clinic.asp,VHA
1066,589JE,https://www.topeka.va.gov/locations/Platte_City_Community_Based_Outpatient_Clinic.asp,VHA
1067,589GI,https://www.topeka.va.gov/locations/St_Joseph_Community_Based_Outpatient_Clinic.asp,VHA
1068,589GJ,https://www.topeka.va.gov/locations/Wyandotte_County_Community_Based_Outpatient_Clinic.asp,VHA
1069,678GC,https://www.tucson.va.gov/locations/CasaGrande.asp,VHA
1070,678QA,https://www.tucson.va.gov/locations/SVRHCCC.asp,VHA
1071,678GE,https://www.tucson.va.gov/locations/GreenValley.asp,VHA
1072,678GF,https://www.tucson.va.gov/locations/Northwest.asp,VHA
1073,678QB,https://www.tucson.va.gov/locations/CG_RHCCC.asp,VHA
1074,678GD,https://www.tucson.va.gov/locations/Safford.asp,VHA
1075,678GA,https://www.tucson.va.gov/locations/SierraVista.asp,VHA
1076,678GG,https://www.tucson.va.gov/locations/Southeast.asp,VHA
1077,678,https://www.tucson.va.gov/locations/directions.asp,VHA
1078,678GB,https://www.tucson.va.gov/locations/Yuma.asp,VHA
1079,679GA,https://www.tuscaloosa.va.gov/locations/Selma.asp,VHA
1080,679,https://www.tuscaloosa.va.gov/locations/directions.asp,VHA
1081,687,https://www.wallawalla.va.gov/locations/directions.asp,VHA
1082,687GC,https://www.wallawalla.va.gov/locations/LaGrande.asp,VHA
1083,687GB,https://www.wallawalla.va.gov/locations/Lewiston.asp,VHA
1084,687QB,https://www.wallawalla.va.gov/locations/MorrowCounty.asp,VHA
1085,687GA,https://www.wallawalla.va.gov/locations/Richland.asp,VHA
1086,687QC,https://www.wallawalla.va.gov/locations/WallowaCounty.asp,VHA
1087,687HA,https://www.wallawalla.va.gov/locations/Yakima.asp,VHA
1088,688GD,https://www.washingtondc.va.gov/locations/Charlotte_Hall_MD.asp,VHA
1089,688GG,https://www.washingtondc.va.gov/locations/Community_Resource_and_Referral_Center_CRRC.asp,VHA
1090,688GA,https://www.washingtondc.va.gov/locations/VA_Ft_Belvoir_Community_Clinic.asp,VHA
1091,688AAA,https://www.washingtondc.va.gov/locations/Lexington_Park_VA_Community_Based_Outpatient_Clinic.asp,VHA
1092,688GF,https://www.washingtondc.va.gov/locations/Montgomery_County_Community_Based_Outpatient_Clinic.asp,VHA
1093,688GB,https://www.washingtondc.va.gov/locations/Southeast_Washington_DC.asp,VHA
1094,688GE,https://www.washingtondc.va.gov/locations/Southern_Prince_George_s_County_Community_Based_Outpatient_Clinic.asp,VHA
1095,688,https://www.washingtondc.va.gov/locations/directions.asp,VHA
1096,548GD,https://www.westpalmbeach.va.gov/locations/Boca_Raton_CBOC.asp,VHA
1097,548GB,https://www.westpalmbeach.va.gov/locations/Delray_Beach_CBOC.asp,VHA
1098,548,https://www.westpalmbeach.va.gov/locations/FacilityMap.asp,VHA
1099,548GA,https://www.westpalmbeach.va.gov/locations/Fort_Pierce_CBOC.asp,VHA
1100,0337V,https://www.westpalmbeach.va.gov/locations/Jupiter_Vet_Center.asp,VHA
1101,548GF,https://www.westpalmbeach.va.gov/locations/Okeechobee_CBOC.asp,VHA
1102,0326V,https://www.westpalmbeach.va.gov/locations/Palm_Beach_Vet_Center.asp,VHA
1103,548QA,https://www.westpalmbeach.va.gov/locations/St_Lucie_County_PTSD.asp,VHA
1104,548GC,https://www.westpalmbeach.va.gov/locations/Stuart_CBOC.asp,VHA
1105,548GE,https://www.westpalmbeach.va.gov/locations/Vero_Beach_CBOC.asp,VHA
1106,548,https://www.westpalmbeach.va.gov/locations/directions.asp,VHA
1107,405GA,https://www.whiteriver.va.gov/locations/bennington.asp,VHA
1108,405GC,https://www.whiteriver.va.gov/locations/brattleboro.asp,VHA
1109,405HA,https://www.whiteriver.va.gov/locations/colchester.asp,VHA
1110,405HE,https://www.whiteriver.va.gov/locations/keene.asp,VHA
1111,405HC,https://www.whiteriver.va.gov/locations/littleton.asp,VHA
1112,405QB,https://www.whiteriver.va.gov/locations/newport.asp,VHA
1113,405HF,https://www.whiteriver.va.gov/locations/rutland.asp,VHA
1114,405,https://www.whiteriver.va.gov/locations/directions.asp,VHA
1115,589G2,https://www.wichita.va.gov/locations/DodgeCity.asp,VHA
1116,589G4,https://www.wichita.va.gov/locations/Hays.asp,VHA
1117,589G7,https://www.wichita.va.gov/locations/Hutchinson.asp,VHA
1118,589G3,https://www.wichita.va.gov/locations/Liberal.asp,VHA
1119,589G5,https://www.wichita.va.gov/locations/Parsons.asp,VHA
1120,589A7,https://www.wichita.va.gov/locations/directions.asp,VHA
1121,589GW,https://www.wichita.va.gov/locations/Salina.asp,VHA
1122,693B4,https://www.wilkes-barre.va.gov/locations/Allentown.asp,VHA
1123,693GF,https://www.wilkes-barre.va.gov/locations/Berwick.asp,VHA
1124,693GG,https://www.wilkes-barre.va.gov/locations/Bangor.asp,VHA
1125,693GA,https://www.wilkes-barre.va.gov/locations/Sayre.asp,VHA
1126,693GC,https://www.wilkes-barre.va.gov/locations/Tobyhanna.asp,VHA
1127,693QA,https://www.wilkes-barre.va.gov/locations/Honesdale_Wayne_County.asp,VHA
1128,693,https://www.wilkes-barre.va.gov/locations/directions.asp,VHA
1129,693GB,https://www.wilkes-barre.va.gov/locations/Williamsport.asp,VHA
1130,460HE,https://www.wilmington.va.gov/locations/Atlantic_County_Community_Based_Outpatient_Clinic.asp,VHA
1131,460GD,https://www.wilmington.va.gov/locations/Cape_May_County_Community_Based_Outpatient_Clinic.asp,VHA
1132,460HG,https://www.wilmington.va.gov/locations/Cumberland_County_Community_Based_Outpatient_Clinic.asp,VHA
1133,460GC,https://www.wilmington.va.gov/locations/Kent_County_Community_Based_Outpatient_Clinic.asp,VHA
1134,460GA,https://www.wilmington.va.gov/locations/Sussex_County_Community_Based_Outpatient_Clinic.asp,VHA
1135,460,https://www.wilmington.va.gov/locations/directions.asp,VHA
1136,301,http://www.benefits.va.gov/boston,VBA
1137,304,http://www.benefits.va.gov/providence/,VBA
1138,306,http://www.benefits.va.gov/newyork/,VBA
1139,307,http://www.benefits.va.gov/buffalo,VBA
1140,308,http://www.benefits.va.gov/hartford/,VBA
1141,309,http://www.benefits.va.gov/newark,VBA
1142,310,http://www.benefits.va.gov/philadelphia,VBA
1143,311,http://www.benefits.va.gov/pittsburgh,VBA
1144,313,http://www.benefits.va.gov/baltimore,VBA
1145,314,http://www.benefits.va.gov/roanoke/,VBA
1146,315,http://www.benefits.va.gov/huntington,VBA
1147,316,http://www.benefits.va.gov/atlanta/,VBA
1148,317,http://www.benefits.va.gov/stpetersburg/,VBA
1149,318,http://www.benefits.va.gov/winstonsalem/,VBA
1150,319,http://www.benefits.va.gov/Columbia/,VBA
1151,320,http://www.benefits.va.gov/nashville/,VBA
1152,321,http://www.benefits.va.gov/neworleans/,VBA
1153,322,http://www.benefits.va.gov/montgomery/,VBA
1154,323,http://www.benefits.va.gov/jackson/,VBA
1155,325,http://www.benefits.va.gov/cleveland/,VBA
1156,326,http://www.benefits.va.gov/indianapolis/,VBA
1157,327,http://www.benefits.va.gov/louisville/,VBA
1158,328,http://www.benefits.va.gov/chicago/,VBA
1159,329,http://www.benefits.va.gov/detroit/,VBA
1160,330,http://www.benefits.va.gov/milwaukee/,VBA
1161,331,http://www.benefits.va.gov/stlouis,VBA
1162,333,http://www.benefits.va.gov/desmoines/,VBA
1163,334,http://www.benefits.va.gov/lincoln,VBA
1164,335,http://www.benefits.va.gov/stpaul/,VBA
1165,339,http://www.benefits.va.gov/denver,VBA
1166,340,http://www.benefits.va.gov/albuquerque,VBA
1167,341,http://www.benefits.va.gov/saltlakecity/,VBA
1168,343,http://www.benefits.va.gov/oakland/,VBA
1169,344,http://www.benefits.va.gov/losangeles/,VBA
1170,345,http://www.benefits.va.gov/phoenix/,VBA
1171,346,http://www.benefits.va.gov/seattle,VBA
1172,347,http://www.benefits.va.gov/boise,VBA
1173,348,http://www.benefits.va.gov/portland,VBA
1174,349,http://www.benefits.va.gov/waco/,VBA
1175,350,http://www.benefits.va.gov/littlerock,VBA
1176,351,http://www.benefits.va.gov/muskogee/,VBA
1177,354,http://www.benefits.va.gov/reno/,VBA
1178,355,http://www.benefits.va.gov/sanjuan/,VBA
1179,358,http://www.benefits.va.gov/manila/,VBA
1180,362,http://www.benefits.va.gov/houston,VBA
1181,372,http://www.benefits.va.gov/washington,VBA
1182,373,http://www.benefits.va.gov/manchester/,VBA
1183,377,http://www.benefits.va.gov/sandiego/,VBA
1184,402,http://www.benefits.va.gov/togus/,VBA
1185,405,http://www.benefits.va.gov/whiteriverjunction/,VBA
1186,436,http://www.benefits.va.gov/fortharrison/,VBA
1187,437,http://www.benefits.va.gov/fargo/,VBA
1188,438,http://www.benefits.va.gov/siouxfalls,VBA
1189,442,http://www.benefits.va.gov/cheyenne,VBA
1190,452,http://www.benefits.va.gov/wichita/,VBA
1191,459,http://www.benefits.va.gov/honolulu/,VBA
1192,460,http://www.benefits.va.gov/wilmington/,VBA
1193,463,http://www.benefits.va.gov/anchorage,VBA
1194,120,http://www.cem.va.gov/cems/lots/allegheny.asp,NCA
1195,121,http://www.cem.va.gov/cems/lots/ashland.asp,NCA
1196,122,http://www.cem.va.gov/cems/lots/forest_home.asp,NCA
1197,123,http://www.cem.va.gov/cems/lots/forest_hill.asp,NCA
1198,42,http://www.cem.va.gov/cems/lots/baxtersprings.asp,NCA
1199,54,http://www.cem.va.gov/cems/lots/congressional.asp,NCA
1200,55,http://www.cem.va.gov/cems/lots/evergreen.asp,NCA
1201,58,http://www.cem.va.gov/cems/lots/forestlawn.asp,NCA
1202,59,http://www.cem.va.gov/cems/lots/fort_crawford.asp,NCA
1203,61,http://www.cem.va.gov/cems/lots/green_mount.asp,NCA
1204,62,http://www.cem.va.gov/cems/lots/lakeside.asp,NCA
1205,63,http://www.cem.va.gov/cems/lots/mound.asp,NCA
1206,64,http://www.cem.va.gov/cems/lots/moundcity.asp,NCA
1207,65,http://www.cem.va.gov/cems/lots/mountmoriah.asp,NCA
1208,66,http://www.cem.va.gov/cems/lots/mountmoriah_Naval.asp,NCA
1209,67,http://www.cem.va.gov/cems/lots/mountpleasant.asp,NCA
1210,68,http://www.cem.va.gov/cems/lots/oakdale.asp,NCA
1211,69,http://www.cem.va.gov/cems/lots/prospecthill_pa.asp,NCA
1212,70,http://www.cem.va.gov/cems/lots/prospecthill_vt.asp,NCA
1213,71,http://www.cem.va.gov/cems/lots/woodland.asp,NCA
1214,72,http://www.cem.va.gov/cems/lots/woodlawn.asp,NCA
1215,73,http://www.cem.va.gov/cems/lots/confederate_mound.asp,NCA
1216,74,http://www.cem.va.gov/cems/lots/crownhill.asp,NCA
1217,75,http://www.cem.va.gov/cems/lots/campchase.asp,NCA
1218,76,http://www.cem.va.gov/cems/lots/confederate_stockade.asp,NCA
1219,77,http://www.cem.va.gov/cems/lots/north_alton.asp,NCA
1220,78,http://www.cem.va.gov/cems/lots/point_lookout.asp,NCA
1221,79,http://www.cem.va.gov/cems/lots/rockisland_confed.asp,NCA
1222,80,http://www.cem.va.gov/cems/lots/union_confed.asp,NCA
1223,800,http://www.cem.va.gov/cems/nchp/alton.asp,NCA
1224,801,http://www.cem.va.gov/cems/nchp/annapolis.asp,NCA
1225,802,http://www.cem.va.gov/cems/nchp/baltimore.asp,NCA
1226,803,http://www.cem.va.gov/cems/nchp/bath.asp,NCA
1227,804,http://www.cem.va.gov/cems/nchp/beverly.asp,NCA
1228,805,http://www.cem.va.gov/cems/nchp/calverton.asp,NCA
1229,806,http://www.cem.va.gov/cems/nchp/campbutler.asp,NCA
1230,807,http://www.cem.va.gov/cems/nchp/crownhill.asp,NCA
1231,808,http://www.cem.va.gov/cems/nchp/cypresshills.asp,NCA
1232,809,http://www.cem.va.gov/cems/nchp/danvilleil.asp,NCA
1233,81,http://www.cem.va.gov/cems/lots/woodlawn_monument.asp,NCA
1234,810,http://www.cem.va.gov/cems/nchp/dayton.asp,NCA
1235,811,http://www.cem.va.gov/cems/nchp/finnspoint.asp,NCA
1236,812,http://www.cem.va.gov/cems/nchp/grafton.asp,NCA
1237,813,http://www.cem.va.gov/cems/nchp/indiantowngap.asp,NCA
1238,814,http://www.cem.va.gov/cems/nchp/keokuk.asp,NCA
1239,815,http://www.cem.va.gov/cems/nchp/longisland.asp,NCA
1240,816,http://www.cem.va.gov/cems/nchp/loudonpark.asp,NCA
1241,817,http://www.cem.va.gov/cems/nchp/marion.asp,NCA
1242,818,http://www.cem.va.gov/cems/nchp/massachusetts.asp,NCA
1243,819,http://www.cem.va.gov/cems/nchp/philadelphia.asp,NCA
1244,82,http://www.cem.va.gov/cems/lots/fort_mackinac.asp,NCA
1245,820,http://www.cem.va.gov/cems/nchp/quincy.asp,NCA
1246,821,http://www.cem.va.gov/cems/nchp/rockisland.asp,NCA
1247,822,http://www.cem.va.gov/cems/nchp/togus.asp,NCA
1248,823,http://www.cem.va.gov/cems/nchp/wood.asp,NCA
1249,824,http://www.cem.va.gov/cems/nchp/woodlawn.asp,NCA
1250,825,http://www.cem.va.gov/cems/nchp/alexandriala.asp,NCA
1251,826,http://www.cem.va.gov/cems/nchp/alexandriava.asp,NCA
1252,827,http://www.cem.va.gov/cems/nchp/ballsbluff.asp,NCA
1253,828,http://www.cem.va.gov/cems/nchp/barrancas.asp,NCA
1254,829,http://www.cem.va.gov/cems/nchp/batonrouge.asp,NCA
1255,83,http://www.cem.va.gov/cems/lots/fort_winnebago.asp,NCA
1256,830,http://www.cem.va.gov/cems/nchp/baypines.asp,NCA
1257,831,http://www.cem.va.gov/cems/nchp/beaufort.asp,NCA
1258,832,http://www.cem.va.gov/cems/nchp/biloxi.asp,NCA
1259,833,http://www.cem.va.gov/cems/nchp/campnelson.asp,NCA
1260,834,http://www.cem.va.gov/cems/nchp/cavehill.asp,NCA
1261,835,http://www.cem.va.gov/cems/nchp/chattanooga.asp,NCA
1262,836,http://www.cem.va.gov/cems/nchp/citypoint.asp,NCA
1263,837,http://www.cem.va.gov/cems/nchp/coldharbor.asp,NCA
1264,838,http://www.cem.va.gov/cems/nchp/corinth.asp,NCA
1265,839,http://www.cem.va.gov/cems/nchp/culpeper.asp,NCA
1266,840,http://www.cem.va.gov/cems/nchp/danvilleky.asp,NCA
1267,841,http://www.cem.va.gov/cems/nchp/danvilleva.asp,NCA
1268,842,http://www.cem.va.gov/cems/nchp/fayetteville.asp,NCA
1269,843,http://www.cem.va.gov/cems/nchp/florence.asp,NCA
1270,844,http://www.cem.va.gov/cems/nchp/ftgibson.asp,NCA
1271,845,http://www.cem.va.gov/cems/nchp/ftharrison.asp,NCA
1272,846,http://www.cem.va.gov/cems/nchp/ftsamhouston.asp,NCA
1273,847,http://www.cem.va.gov/cems/nchp/ftsmith.asp,NCA
1274,848,http://www.cem.va.gov/cems/nchp/glendale.asp,NCA
1275,849,http://www.cem.va.gov/cems/nchp/hampton.asp,NCA
1276,850,http://www.cem.va.gov/cems/nchp/hamptonvamc.asp,NCA
1277,851,http://www.cem.va.gov/cems/nchp/houston.asp,NCA
1278,852,http://www.cem.va.gov/cems/nchp/jeffersonbarracks.asp,NCA
1279,853,http://www.cem.va.gov/cems/nchp/jeffersoncity.asp,NCA
1280,854,http://www.cem.va.gov/cems/nchp/kerrville.asp,NCA
1281,855,http://www.cem.va.gov/cems/nchp/knoxville.asp,NCA
1282,856,http://www.cem.va.gov/cems/nchp/lebanon.asp,NCA
1283,857,http://www.cem.va.gov/cems/nchp/lexington.asp,NCA
1284,858,http://www.cem.va.gov/cems/nchp/littlerock.asp,NCA
1285,859,http://www.cem.va.gov/cems/nchp/marietta.asp,NCA
1286,860,http://www.cem.va.gov/cems/nchp/memphis.asp,NCA
1287,861,http://www.cem.va.gov/cems/nchp/millsprings.asp,NCA
1288,862,http://www.cem.va.gov/cems/nchp/mobile.asp,NCA
1289,863,http://www.cem.va.gov/cems/nchp/moundcity.asp,NCA
1290,864,http://www.cem.va.gov/cems/nchp/mountainhome.asp,NCA
1291,865,http://www.cem.va.gov/cems/nchp/nashville.asp,NCA
1292,866,http://www.cem.va.gov/cems/nchp/natchez.asp,NCA
1293,867,http://www.cem.va.gov/cems/nchp/newalbany.asp,NCA
1294,868,http://www.cem.va.gov/cems/nchp/newbern.asp,NCA
1295,870,http://www.cem.va.gov/cems/nchp/porthudson.asp,NCA
1296,871,http://www.cem.va.gov/cems/nchp/puertorico.asp,NCA
1297,872,http://www.cem.va.gov/cems/nchp/quantico.asp,NCA
1298,873,http://www.cem.va.gov/cems/nchp/raleigh.asp,NCA
1299,874,http://www.cem.va.gov/cems/nchp/richmond.asp,NCA
1300,875,http://www.cem.va.gov/cems/nchp/staugustine.asp,NCA
1301,876,http://www.cem.va.gov/cems/nchp/salisbury.asp,NCA
1302,877,http://www.cem.va.gov/cems/nchp/sanantonio.asp,NCA
1303,878,http://www.cem.va.gov/cems/nchp/sevenpines.asp,NCA
1304,879,http://www.cem.va.gov/cems/nchp/springfield.asp,NCA
1305,88,http://www.cem.va.gov/cems/lots/albany_rural.asp,NCA
1306,880,http://www.cem.va.gov/cems/nchp/staunton.asp,NCA
1307,881,http://www.cem.va.gov/cems/nchp/wilmington.asp,NCA
1308,882,http://www.cem.va.gov/cems/nchp/winchester.asp,NCA
1309,883,http://www.cem.va.gov/cems/nchp/zacharytaylor.asp,NCA
1310,884,http://www.cem.va.gov/cems/nchp/blackhills.asp,NCA
1311,885,http://www.cem.va.gov/cems/nchp/ftbayard.asp,NCA
1312,886,http://www.cem.va.gov/cems/nchp/ftbliss.asp,NCA
1313,887,http://www.cem.va.gov/cems/nchp/ftleavenworth.asp,NCA
1314,888,http://www.cem.va.gov/cems/nchp/ftlogan.asp,NCA
1315,889,http://www.cem.va.gov/cems/nchp/ftlyon.asp,NCA
1316,890,http://www.cem.va.gov/cems/nchp/ftmcpherson.asp,NCA
1317,891,http://www.cem.va.gov/cems/nchp/ftmeade.asp,NCA
1318,892,http://www.cem.va.gov/cems/nchp/ftrosecrans.asp,NCA
1319,893,http://www.cem.va.gov/cems/nchp/ftscott.asp,NCA
1320,894,http://www.cem.va.gov/cems/nchp/ftsnelling.asp,NCA
1321,895,http://www.cem.va.gov/cems/nchp/goldengate.asp,NCA
1322,896,http://www.cem.va.gov/cems/nchp/hotsprings.asp,NCA
1323,897,http://www.cem.va.gov/cems/nchp/leavenworth.asp,NCA
1324,898,http://www.cem.va.gov/cems/nchp/losangeles.asp,NCA
1325,899,http://www.cem.va.gov/cems/nchp/nmcp.asp,NCA
1326,900,http://www.cem.va.gov/cems/nchp/prescott.asp,NCA
1327,901,http://www.cem.va.gov/cems/nchp/riverside.asp,NCA
1328,902,http://www.cem.va.gov/cems/nchp/roseburg.asp,NCA
1329,903,http://www.cem.va.gov/cems/nchp/sanfrancisco.asp,NCA
1330,904,http://www.cem.va.gov/cems/nchp/santafe.asp,NCA
1331,905,http://www.cem.va.gov/cems/nchp/sitka.asp,NCA
1332,906,http://www.cem.va.gov/cems/nchp/eaglepoint.asp,NCA
1333,907,http://www.cem.va.gov/cems/nchp/willamette.asp,NCA
1334,908,http://www.cem.va.gov/cems/nchp/ftmitchell.asp,NCA
1335,909,http://www.cem.va.gov/cems/nchp/ftcuster.asp,NCA
1336,910,http://www.cem.va.gov/cems/nchp/ftrichardson.asp,NCA
1337,911,http://www.cem.va.gov/cems/nchp/florida.asp,NCA
1338,912,http://www.cem.va.gov/cems/nchp/westvirginia.asp,NCA
1339,913,http://www.cem.va.gov/cems/nchp/sanjoaquinvalley.asp,NCA
1340,914,http://www.cem.va.gov/cems/nchp/nmca.asp,NCA
1341,915,http://www.cem.va.gov/cems/nchp/abrahamlincoln.asp,NCA
1342,916,http://www.cem.va.gov/cems/nchp/dallasftworth.asp,NCA
1343,917,http://www.cem.va.gov/cems/nchp/geraldbhsolomonsaratoga.asp,NCA
1344,918,http://www.cem.va.gov/cems/nchp/ohiowesternreserve.asp,NCA
1345,919,http://www.cem.va.gov/cems/nchp/tahoma.asp,NCA
1346,920,http://www.cem.va.gov/cems/nchp/ftsill.asp,NCA
1347,921,http://www.cem.va.gov/cems/nchp/sacramento.asp,NCA
1348,922,http://www.cem.va.gov/cems/nchp/georgia.asp,NCA
1349,923,http://www.cem.va.gov/cems/nchp/greatlakes.asp,NCA
1350,924,http://www.cem.va.gov/cems/nchp/southflorida.asp,NCA
1351,925,http://www.cem.va.gov/cems/nchp/ncalleghenies.asp,NCA
1352,926,http://www.cem.va.gov/cems/nchp/washingtoncrossing.asp,NCA
1353,927,http://www.cem.va.gov/cems/nchp/alabama.asp,NCA
1354,928,http://www.cem.va.gov/cems/nchp/jacksonville.asp,NCA
1355,929,http://www.cem.va.gov/cems/nchp/bakersfield.asp,NCA
1356,930,http://www.cem.va.gov/cems/nchp/ftjackson.asp,NCA
1357,931,http://www.cem.va.gov/cems/nchp/sarasota.asp,NCA
1358,934,http://www.cem.va.gov/cems/nchp/capecanaveral.asp,NCA
1359,935,http://www.cem.va.gov/cems/nchp/omaha.asp,NCA
1360,937,http://www.cem.va.gov/cems/nchp/tallahassee.asp,NCA
1361,938,http://www.cem.va.gov/cems/nchp/yellowstone.asp,NCA
1362,970,http://www.cem.va.gov/cems/nchp/louisiana.asp,NCA